date,854e24,ce9ae0,7a7961,be61f1,747e8f,dfdbaf,2c42c2,3f7933,d44114,1e6007,c58c66,3c1cc4,9f7fc2,9ed936,e73729,d75069,2f668b,d6db7a,cf211f,5986e7,996b32,f50732,166f15,3044a1,1779ed,8f2f84,a4c581,b77159,e016d3,9f3134,29857a,d29d8b,2cc3cb,98bc20,270aa6,e2ebf4,5ec32e
2021-08-31,,,,,,,,,,,,,,,,,,,,,,,,,,,,,,,,,,,,,0.0
2021-09-01,,,,,,,,,,,,,,,,,,,,,,,,,,,,,,,,,,,,,0.0
2021-09-02,,,,,,,,,,,,,,,,,,,,,,,,,,,,,,,,,,,,,0.0
2021-09-03,,,,,,,,,,,,,,,,,,,,,,,,,,,,,,,,,,,,,0.0
2021-09-07,,,,,,,,,,,,,,,,,,,,,,,,,,,,,,,,,,,,,0.0
2021-09-08,,,,,,,,,,,,,,,,,,,,,,,,,,,,,,,,,,,,,0.0
2021-09-09,,,,,,,,,,,,,,,,,,,,,,,,,,,,,,,,,,,,,0.0
2021-09-10,,,,,,,,,,,,,,,,,,,,,,,,,,,,,,,,,,,,,0.0
2021-09-13,,,,,,,,,,,,,,,,,,,,,,,,,,,,,,,,,,,,,0.0
2021-09-14,,,,,,,,,,,,,,,,,,,,,,,,,,,,,,,,,,,,,0.0
2021-09-15,,,,,,,,,,,,,,,,,,,,,,,,,,,,,,,,,,,,,0.0
2021-09-16,,,,,,,,,,,,,,,,,,,,,,,,,,,,,,,,,,,,,0.0
2021-09-17,,,,,,,,,,,,,,,,,,,,,,,,,,,,,,,,,,,,,0.0
2021-09-20,,,,,,,,,,,,,,,,,,,,,,,,,,,,,,,,,,,,,0.0
2021-09-21,,,,,,,,,,,,,,,,,,,,,,,,,,,,,,,,,,,,,0.0
2021-09-22,,,,,,,,,,,,,,,,,,,,,,,,,,,,,,,,,,,,,0.0
2021-09-23,,,,,,,,,,,,,,,,,,,,,,,,,,,,,,,,,,,,,0.0
2021-09-24,,,,,,,,,,,,,,,,,,,,,,,,,,,,,,,,,,,,,0.0
2021-09-27,,,,,,,,,,,,,,,,,,,,,,,,,,,,,,,,,,,,,0.0
2021-09-28,,,,,,,,,,,,,,,,,,,,,,,,,,,,,,,,,,,,,0.0
2021-09-29,,,,,,,,,,,,,,,,,,,,,,,,,,,,,,,,,,,,,0.0
2021-09-30,,,,,,,,,,,,,,,,,,,,,,,,,,,,,,,,,,,,,0.0
2021-10-01,,,,,,,,,,,,,,,,,,,,,,,,,,,,,,,,,,,,,0.0
2021-10-04,,,,,,,,,,,,,,,,,,,,,,,,,,,,,,,,,,,,,0.0
2021-10-05,,,,,,,,,,,,,,,,,,,,,,,,,,,,,,,,,,,,,0.0
2021-10-06,,,,,,,,,,,,,,,,,,,,,,,,,,,,,,,,,,,,,0.0
2021-10-07,,,,,,,,,,,,,,,,,,,,,,,,,,,,,,,,,,,,,0.0
2021-10-08,,,,,,,,,,,,,,,,,,,,,,,,,,,,,,,,,,,,,0.0
2021-10-11,,,,,,,,,,,,,,,,,,,,,,,,,,,,,,,,,,,,,0.0
2021-10-12,,,,,,,,,,,,,,,,,,,,,,,,,,,,,,,,,,,,,0.0
2021-10-13,,,,,,,,,,,,,,,,,,,,,,,,,,,,,,,,,,,,,0.0
2021-10-14,,,,,,,,,,,,,,,,,,,,,,,,,,,,,,,,,,,,,0.0
2021-10-15,,,,,,,,,,,,,,,,,,,,,,,,,,,,,,,,,,,,,0.0
2021-10-18,,,,,,,,,,,,,,,,,,,,,,,,,,,,,,,,,,,,,0.0
2021-10-19,,,,,,,,,,,,,,,,,,,,,,,,,,,,,,,,,,,,,0.0
2021-10-20,,,,,,,,,,,,,,,,,,,,,,,,,,,,,,,,,,,,,0.0
2021-10-21,,,,,,,,,,,,,,,,,,,,,,,,,,,,,,,,,,,,,0.0
2021-10-22,,,,,,,,,,,,,,,,,,,,,,,,,,,,,,,,,,,,,0.0
2021-10-25,,,,,,,,,,,,,,,,,,,,,,,,,,,,,,,,,,,,,0.0
2021-10-26,,,,,,,,,,,,,,,,,,,,,,,,,,,,,,,,,,,,,0.0
2021-10-27,,,,,,,,,,,,,,,,,,,,,,,,,,,,,,,,,,,,,0.0
2021-10-28,,,,,,,,,,,,,,,,,,,,,,,,,,,,,,,,,,,,,0.0
2021-10-29,,,,,,,,,,,,,,,,,,,,,,,,,,,,,,,,,,,,,0.0
2021-11-01,,,,,,,,,,,,,,,,,,,,,,,,,,,,,,,,,,,,,0.0
2021-11-02,,,,,,,,,,,,,,,,,,,,,,,,,,,,,,,,,,,,,0.0
2021-11-03,,,,,,,,,,,,,,,,,,,,,,,,,,,,,,,,,,,,,0.0
2021-11-04,,,,,,,,,,,,,,,,,,,,,,,,,,,,,,,,,,,,,0.0
2021-11-05,,,,,,,,,,,,,,,,,,,,,,,,,,,,,,,,,,,,,0.0
2021-11-08,,,,,,,,,,,,,,,,,,,,,,,,,,,,,,,,,,,,,0.0
2021-11-09,,,,,,,,,,,,,,,,,,,,,,,,,,,,,,,,,,,,,0.0
2021-11-10,,,,,,,,,,,,,,,,,,,,,,,,,,,,,,,,,,,,,0.0
2021-11-11,,,,,,,,,,,,,,,,,,,,,,,,,,,,,,,,,,,,,41.5
2021-11-12,,,,,,,,,,,,,,,,,,,,,,,,,,,,,,,,,,,,,271.0
2021-11-15,,,,,,,,,,,,,,,,,,,,,,,,,,,,,,,,,,,,,-162.5
2021-11-16,,,,,,,,,,,,,,,,,,,,,,,,,,,,,,,,,,,,,165.5
2021-11-17,,,,,,,,,,,,,,,,,,,,,,,,,,,,,,,,,,,,,37.5
2021-11-18,,,,,,,,,,,,,,,,,,,,,,,,,,,,,,,,,,,,,268.0
2021-11-19,,,,,,,,,,,,,,,,,,,,,,,,,,,,,,,,,,,,,102.0
2021-11-22,,,,,,,,,,,,,,,,,,,,,,,,,,,,,,,,,,,,,-162.5
2021-11-23,,,,,,,,,,,,,,,,,,,,,,,,,,,,,,,,,,,,,0.0
2021-11-24,,,,,,,,,,,,,,,,,,,,,,,,,,,,,,,,,,,,,-162.5
2021-11-29,,,,,,,,,,,,,,,,,,,,,,,,,,,,,,,,,,,,,30.0
2021-11-30,,,,,,,,,,,,,,,,,,,,,,,,,,,,,,,,,,,,,-162.5
2021-12-01,,,,,,,,,,,,,,,,,,,,,,,,,,,,,,,,,,,,,926.5
2021-12-02,,,,,,,,,,,,,,,,,,,,,,,,,,,,,,,,,,,,,0.0
2021-12-03,,,,,,,,,,,,,,,,,,,,,,,,,,,,,,,,,,,,,139.0
2021-12-06,,,,,,,,,,,,,,,,,,,,,,,,,,,,,,,,,,,,,0.0
2021-12-07,,,,,,,,,,,,,,,,,,,,,,,,,,,,,,,,,,,,,954.0
2021-12-08,,,,,,,,,,,,,,,,,,,,,,,,,,,,,,,,,,,,,-162.5
2021-12-09,,,,,,,,,,,,,,,,,,,,,,,,,,,,,,,,,,,,,-162.5
2021-12-10,,,,,,,,,,,,,,,,,,,,,,,,,,,,,,,,,,,,,291.5
2021-12-13,,,,,,,,,,,,,,,,,,,,,,,,,,,,,,,,,,,,,-162.5
2021-12-14,,,,,,,,,,,,,,,,,,,,,,,,,,,,,,,,,,,,,-162.5
2021-12-15,,,,,,,,,,,,,,,,,,,,,,,,,,,,,,,,,,,,,25.5
2021-12-16,,,,,,,,,,,,,,,,,,,,,,,,,,,,,,,,,,,,,-162.5
2021-12-17,,,,,,,,,,,,,,,,,,,,,,,,,,,,,,,,,,,,,-162.5
2021-12-20,,,,,,,,,,,,,,,,,,,,,,,,,,,,,,,,,,,,,0.0
2021-12-21,,,,,,,,,,,,,,,,,,,,,,,,,,,,,,,,,,,,,-9.0
2021-12-22,,,,,,,,,,,,,,,,,,,,,,,,,,,,,,,,,,,,,316.5
2021-12-23,,,,,,,,,,,,,,,,,,,,,,,,,,,,,,,,,,,,,216.5
2021-12-27,,,,,,,,,,,,,,,,,,,,,,,,,,,,,,,,,,,,,430.0
2021-12-28,,,,,,,,,,,,,,,,,,,,,,,,,,,,,,,,,,,,,-162.5
2021-12-29,,,,,,,,,,,,,,,,,,,,,,,,,,,,,,,,,,,,,-162.5
2021-12-30,,,,,,,,,,,,,,,,,,,,,,,,,,,,,,,,,,,,,-81.5
2021-12-31,,,,,,,,,,,,,,,,,,,,,,,,,,,,,,,,,,,,,0.0
2022-01-03,,,,,,,,,,,,,,,,,,,,,,,,,,,,,,,,,,,,,-162.5
2022-01-04,,,,,,,,,,,,,,,,,,,,,,,,,,,,,,,,,,,,,-162.5
2022-01-05,,,,,,,,,,,,,,,,,,,,,,,,,,,,,,,,,,,,,0.0
2022-01-06,,,,,,,,,,,,,,,,,,,,,,,,,,,,,,,,,,,,,-162.5
2022-01-07,,,,,,,,,,,,,,,,,,,,,,,,,,,,,,,,,,,,,-162.5
2022-01-10,,,,,,,,,,,,,,,,,,,,,,,,,,,,,,,,,,,,,-162.5
2022-01-11,,,,,,,,,,,,,,,,,,,,,,,,,,,,,,,,,,,,,-84.5
2022-01-12,,,,,,,,,,,,,,,,,,,,,,,,,,,,,,,,,,,,,117.0
2022-01-13,,,,,,,,,,,,,,,,,,,,,,,,,,,,,,,,,,,,,-162.5
2022-01-14,,,,,,,,,,,,,,,,,,,,,,,,,,,,,,,,,,,,,0.0
2022-01-18,,,,,,,,,,,,,,,,,,,,,,,,,,,,,,,,,,,,,-288.5
2022-01-19,,,,,,,,,,,,,,,,,,,,,,,,,,,,,,,,,,,,,-162.5
2022-01-20,,,,,,,,,,,,,,,,,,,,,,,,,,,,,,,,,,,,,-162.5
2022-01-21,,,,,,,,,,,,,,,,,,,,,,,,,,,,,,,,,,,,,-600.5
2022-01-24,,,,,,,,,,,,,,,,,,,,,,,,,,,,,,,,,,,,,-142.0
2022-01-25,,,,,,,,,,,,,,,,,,,,,,,,,,,,,,,,,,,,,1023.0
2022-01-26,,,,,,,,,,,,,,,,,,,,,,,,,,,,,,,,,,,,,0.0
2022-01-27,,,,,,,,,,,,,,,,,,,,,,,,,,,,,,,,,,,,,0.0
2022-01-28,,,,,,,,,,,,,,,,,,,,,,,,,,,,,,,,,,,,,0.0
2022-01-31,,,,,,,,,,,,,,,,,,,,,,,,,,,,,,,,,,,,,853.5
2022-02-01,,,,,,,,,,,,,,,,,,,,,,,,,,,,,,,,,,,,,0.0
2022-02-02,,,,,,,,,,,,,,,,,,,,,,,,,,,,,,,,,,,,,-162.5
2022-02-03,,,,,,,,,,,,,,,,,,,,,,,,,,,,,,,,,,,,,0.0
2022-02-04,,,,,,,,,,,,,,,,,,,,,,,,,,,,,,,,,,,,,-325.0
2022-02-07,,,,,,,,,,,,,,,,,,,,,,,,,,,,,,,,,,,,,-487.5
2022-02-08,,,,,,,,,,,,,,,,,,,,,,,,,,,,,,,,,,,,,88.5
2022-02-09,,,,,,,,,,,,,,,,,,,,,,,,,,,,,,,,,,,,,547.0
2022-02-10,,,,,,,,,,,,,,,,,,,,,,,,,,,,,,,,,,,,,-162.5
2022-02-11,,,,,,,,,,,,,,,,,,,,,,,,,,,,,,,,,,,,,-325.0
2022-02-14,,,,,,,,,,,,,,,,,,,,,,,,,,,,,,,,,,,,,-659.0
2022-02-15,,,,,,,,,,,,,,,,,,,,,,,,,,,,,,,,,,,,,-92.5
2022-02-16,,,,,,,,,,,,,,,,,,,,,,,,,,,,,,,,,,,,,-350.5
2022-02-17,,,,,,,,,,,,,,,,,,,,,,,,,,,,,,,,,,,,,0.0
2022-02-18,,,,,,,,,,,,,,,,,,,,,,,,,,,,,,,,,,,,,80.5
2022-02-22,,,,,,,,,,,,,,,,,,,,,,,,,,,,,,,,,,,,,-745.5
2022-02-23,,,,,,,,,,,,,,,,,,,,,,,,,,,,,,,,,,,,,415.5
2022-02-24,,,,,,,,,,,,,,,,,,,,,,,,,,,,,,,,,,,,,0.0
2022-02-25,,,,,,,,,,,,,,,,,,,,,,,,,,,,,,,,,,,,,0.0
2022-02-28,,,,,,,,,,,,,,,,,,,,,,,,,,,,,,,,,,,,,-650.0
2022-03-01,,,,,,,,,,,,,,,,,,,,,,,,,,,,,,,,,,,,,0.0
2022-03-02,,,,,,,,,,,,,,,,,,,,,,,,,,,,,,,,,,,,,0.0
2022-03-03,,,,,,,,,,,,,,,,,,,,,,,,,,,,,,,,,,,,,0.0
2022-03-04,,,,,,,,,,,,,,,,,,,,,,,,,,,,,,,,,,,,,0.0
2022-03-07,,,,,,,,,,,,,,,,,,,,,,,,,,,,,,,,,,,,,0.0
2022-03-08,,,,,,,,,,,,,,,,,,,,,,,,,,,,,,,,,,,,,0.0
2022-03-09,,,,,,,,,,,,,,,,,,,,,,,,,,,,,,,,,,,,,0.0
2022-03-10,,,,,,,,,,,,,,,,,,,,,,,,,,,,,,,,,,,,,0.0
2022-03-11,,,,,,,,,,,,,,,,,,,,,,,,,,,,,,,,,,,,,0.0
2022-03-14,,,,,,,,,,,,,,,,,,,,,,,,,,,,,,,,,,,,,0.0
2022-03-15,,,,,,,,,,,,,,,,,,,,,,,,,,,,,,,,,,,,,0.0
2022-03-16,,,,,,,,,,,,,,,,,,,,,,,,,,,,,,,,,,,,,929.5
2022-03-17,,,,,,,,,,,,,,,,,,,,,,,,,,,,,,,,,,,,,-970.0
2022-03-18,,,,,,,,,,,,,,,,,,,,,,,,,,,,,,,,,,,,,521.5
2022-03-21,,,,,,,,,,,,,,,,,,,,,,,,,,,,,,,,,,,,,-162.5
2022-03-22,,,,,,,,,,,,,,,,,,,,,,,,,,,,,,,,,,,,,575.5
2022-03-23,,,,,,,,,,,,,,,,,,,,,,,,,,,,,,,,,,,,,-162.5
2022-03-24,,,,,,,,,,,,,,,,,,,,,,,,,,,,,,,,,,,,,563.5
2022-03-25,,,,,,,,,,,,,,,,,,,,,,,,,,,,,,,,,,,,,-325.0
2022-03-28,,,,,,,,,,,,,,,,,,,,,,,,,,,,,,,,,,,,,-79.5
2022-03-29,,,,,,,,,,,,,,,,,,,,,,,,,,,,,,,,,,,,,397.5
2022-03-30,,,,,,,,,,,,,,,,,,,,,,,,,,,,,,,,,,,,,-325.0
2022-03-31,,,,,,,,,,,,,,,,,,,,,,,,,,,,,,,,,,,,,-162.5
2022-04-01,,,,,,,,,,,,,,,,,,,,,,,,,,,,,,,,,,,,,-162.5
2022-04-04,,,,,,,,,,,,,,,,,,,,,,,,,,,,,,,,,,,,,647.5
2022-04-05,,,,,,,,,,,,,,,,,,,,,,,,,,,,,,,,,,,,,-162.5
2022-04-06,,,,,,,,,,,,,,,,,,,,,,,,,,,,,,,,,,,,,0.0
2022-04-07,,,,,,,,,,,,,,,,,,,,,,,,,,,,,,,,,,,,,-262.0
2022-04-08,,,,,,,,,,,,,,,,,,,,,,,,,,,,,,,,,,,,,-162.5
2022-04-11,,,,,,,,,,,,,,,,,,,,,,,,,,,,,,,,,,,,,0.0
2022-04-12,,,,,,,,,,,,,,,,,,,,,,,,,,,,,,,,,,,,,-162.5
2022-04-13,,,,,,,,,,,,,,,,,,,,,,,,,,,,,,,,,,,,,477.5
2022-04-14,,,,,,,,,,,,,,,,,,,,,,,,,,,,,,,,,,,,,-162.5
2022-04-18,,,,,,,,,,,,,,,,,,,,,,,,,,,,,,,,,,,,,252.0
2022-04-19,,,,,,,,,,,,,,,,,,,,,,,,,,,,,,,,,,,,,-118.0
2022-04-20,,,,,,,,,,,,,,,,,,,,,,,,,,,,,,,,,,,,,-162.5
2022-04-21,,,,,,,,,,,,,,,,,,,,,,,,,,,,,,,,,,,,,-162.5
2022-04-22,,,,,,,,,,,,,,,,,,,,,,,,,,,,,,,,,,,,,-325.0
2022-04-25,,,,,,,,,,,,,,,,,,,,,,,,,,,,,,,,,,,,,-50.5
2022-04-26,,,,,,,,,,,,,,,,,,,,,,,,,,,,,,,,,,,,,1381.5
2022-04-27,,,,,,,,,,,,,,,,,,,,,,,,,,,,,,,,,,,,,0.0
2022-04-28,,,,,,,,,,,,,,,,,,,,,,,,,,,,,,,,,,,,,0.0
2022-04-29,,,,,,,,,,,,,,,,,,,,,,,,,,,,,,,,,,,,,470.5
2022-05-02,,,,,,,,,,,,,,,,,,,,,,,,,,,,,,,,,,,,,0.0
2022-05-03,,,,,,,,,,,,,,,,,,,,,,,,,,,,,,,,,,,,,0.0
2022-05-04,,,,,,,,,,,,,,,,,,,,,,,,,,,,,,,,,,,,,-259.0
2022-05-05,,,,,,,,,,,,,,,,,,,,,,,,,,,,,,,,,,,,,1002.0
2022-05-06,,,,,,,,,,,,,,,,,,,,,,,,,,,,,,,,,,,,,0.0
2022-05-09,,,,,,,,,,,,,,,,,,,,,,,,,,,,,,,,,,,,,0.0
2022-05-10,,,,,,,,,,,,,,,,,,,,,,,,,,,,,,,,,,,,,0.0
2022-05-11,,,,,,,,,,,,,,,,,,,,,,,,,,,,,,,,,,,,,0.0
2022-05-12,,,,,,,,,,,,,,,,,,,,,,,,,,,,,,,,,,,,,0.0
2022-05-13,,,,,,,,,,,,,,,,,,,,,,,,,,,,,,,,,,,,,0.0
2022-05-16,,,,,,,,,,,,,,,,,,,,,,,,,,,,,,,,,,,,,143.0
2022-05-17,,,,,,,,,,,,,,,,,,,,,,,,,,,,,,,,,,,,,546.0
2022-05-18,,,,,,,,,,,,,,,,,,,,,,,,,,,,,,,,,,,,,1331.5
2022-05-19,,,,,,,,,,,,,,,,,,,,,,,,,,,,,,,,,,,,,0.0
2022-05-20,,,,,,,,,,,,,,,,,,,,,,,,,,,,,,,,,,,,,72.5
2022-05-23,,,,,,,,,,,,,,,,,,,,,,,,,,,,,,,,,,,,,-567.5
2022-05-24,,,,,,,,,,,,,,,,,,,,,,,,,,,,,,,,,,,,,144.0
2022-05-25,,,,,,,,,,,,,,,,,,,,,,,,,,,,,,,,,,,,,-813.0
2022-05-26,,,,,,,,,,,,,,,,,,,,,,,,,,,,,,,,,,,,,-108.5
2022-05-27,,,,,,,,,,,,,,,,,,,,,,,,,,,,,,,,,,,,,514.5
2022-05-31,,,,,,,,,,,,,,,,,,,,,,,,,,,,,,,,,,,,,214.0
2022-06-01,,,,,,,,,,,,,,,,,,,,,,,,,,,,,,,,,,,,,-105.5
2022-06-02,,,,,,,,,,,,,,,,,,,,,,,,,,,,,,,,,,,,,-29.5
2022-06-03,,,,,,,,,,,,,,,,,,,,,,,,,,,,,,,,,,,,,-162.5
2022-06-06,,,,,,,,,,,,,,,,,,,,,,,,,,,,,,,,,,,,,86.5
2022-06-07,,,,,,,,,,,,,,,,,,,,,,,,,,,,,,,,,,,,,-152.5
2022-06-08,,,,,,,,,,,,,,,,,,,,,,,,,,,,,,,,,,,,,-162.5
2022-06-09,,,,,,,,,,,,,,,,,,,,,,,,,,,,,,,,,,,,,0.0
2022-06-10,,,,,,,,,,,,,,,,,,,,,,,,,,,,,,,,,,,,,119.0
2022-06-13,,,,,,,,,,,,,,,,,,,,,,,,,,,,,,,,,,,,,699.0
2022-06-14,,,,,,,,,,,,,,,,,,,,,,,,,,,,,,,,,,,,,0.0
2022-06-15,,,,,,,,,,,,,,,,,,,,,,,,,,,,,,,,,,,,,0.0
2022-06-16,,,,,,,,,,,,,,,,,,,,,,,,,,,,,,,,,,,,,995.0
2022-06-17,,,,,,,,,,,,,,,,,,,,,,,,,,,,,,,,,,,,,0.0
2022-06-21,,,,,,,,,,,,,,,,,,,,,,,,,,,,,,,,,,,,,0.0
2022-06-22,,,,,,,,,,,,,,,,,,,,,,,,,,,,,,,,,,,,,0.0
2022-06-23,,,,,,,,,,,,,,,,,,,,,,,,,,,,,,,,,,,,,-126.0
2022-06-24,,,,,,,,,,,,,,,,,,,,,,,,,,,,,,,,,,,,,790.0
2022-06-27,,,,,,,,,,,,,,,,,,,,,,,,,,,,,,,,,,,,,-241.0
2022-06-28,,,,,,,,,,,,,,,,,,,,,,,,,,,,,,,,,,,,,636.5
2022-06-29,,,,,,,,,,,,,,,,,,,,,,,,,,,,,,,,,,,,,-722.5
2022-06-30,,,,,,,,,,,,,,,,,,,,,,,,,,,,,,,,,,,,,-46.5
2022-07-01,,,,,,,,,,,,,,,,,,,,,,,,,,,,,,,,,,,,,-632.0
2022-07-05,,,,,,,,,,,,,,,,,,,,,,,,,,,,,,,,,,,,,-223.0
2022-07-06,,,,,,,,,,,,,,,,,,,,,,,,,,,,,,,,,,,,,-528.0
2022-07-07,,,,,,,,,,,,,,,,,,,,,,,,,,,,,,,,,,,,,87.5
2022-07-08,,,,,,,,,,,,,,,,,,,,,,,,,,,,,,,,,,,,,-581.0
2022-07-11,,,,,,,,,,,,,,,,,,,,,,,,,,,,,,,,,,,,,0.0
2022-07-12,,,,,,,,,,,,,,,,,,,,,,,,,,,,,,,,,,,,,-205.0
2022-07-13,,,,,,,,,,,,,,,,,,,,,,,,,,,,,,,,,,,,,-487.5
2022-07-14,,,,,,,,,,,,,,,,,,,,,,,,,,,,,,,,,,,,,-115.5
2022-07-15,,,,,,,,,,,,,,,,,,,,,,,,,,,,,,,,,,,,,-327.0
2022-07-18,,,,,,,,,,,,,,,,,,,,,,,,,,,,,,,,,,,,,-162.5
2022-07-19,,,,,,,,,,,,,,,,,,,,,,,,,,,,,,,,,,,,,581.0
2022-07-20,,,,,,,,,,,,,,,,,,,,,,,,,,,,,,,,,,,,,-146.0
2022-07-21,,,,,,,,,,,,,,,,,,,,,,,,,,,,,,,,,,,,,256.0
2022-07-22,,,,,,,,,,,,,,,,,,,,,,,,,,,,,,,,,,,,,-162.5
2022-07-25,,,,,,,,,,,,,,,,,,,,,,,,,,,,,,,,,,,,,-162.5
2022-07-26,,,,,,,,,,,,,,,,,,,,,,,,,,,,,,,,,,,,,0.0
2022-07-27,,,,,,,,,,,,,,,,,,,,,,,,,,,,,,,,,,,,,556.0
2022-07-28,,,,,,,,,,,,,,,,,,,,,,,,,,,,,,,,,,,,,547.0
2022-07-29,,,,,,,,,,,,,,,,,,,,,,,,,,,,,,,,,,,,,-162.5
2022-08-01,,,,,,,,,,,,,,,,,,,,,,,,,,,,,,,,,,,,,-325.0
2022-08-02,,,,,,,,,,,,,,,,,,,,,,,,,,,,,,,,,,,,,-162.5
2022-08-03,,,,,,,,,,,,,,,,,,,,,,,,,,,,,,,,,,,,,644.5
2022-08-04,,,,,,,,,,,,,,,,,,,,,,,,,,,,,,,,,,,,,139.5
2022-08-05,,,,,,,,,,,,,,,,,,,,,,,,,,,,,,,,,,,,,-162.5
2022-08-08,,,,,,,,,,,,,,,,,,,,,,,,,,,,,,,,,,,,,-162.5
2022-08-09,,,,,,,,,,,,,,,,,,,,,,,,,,,,,,,,,,,,,-162.5
2022-08-10,,,,,,,,,,,,,,,,,,,,,,,,,,,,,,,,,,,,,667.0
2022-08-11,,,,,,,,,,,,,,,,,,,,,,,,,,,,,,,,,,,,,-162.5
2022-08-12,,,,,,,,,,,,,,,,,,,,,,,,,,,,,,,,,,,,,465.5
2022-08-15,,,,,,,,,,,,,,,,,,,,,,,,,,,,,,,,,,,,,148.5
2022-08-16,,,,,,,,,,,,,,,,,,,,,,,,,,,,,,,,,,,,,0.0
2022-08-17,,,,,,,,,,,,,,,,,,,,,,,,,,,,,,,,,,,,,0.0
2022-08-18,,,,,,,,,,,,,,,,,,,,,,,,,,,,,,,,,,,,,-177.0
2022-08-19,,,,,,,,,,,,,,,,,,,,,,,,,,,,,,,,,,,,,0.0
2022-08-22,,,,,,,,,,,,,,,,,,,,,,,,,,,,,,,,,,,,,0.0
2022-08-23,,,,,,,,,,,,,,,,,,,,,,,,,,,,,,,,,,,,,-325.0
2022-08-24,,,,,,,,,,,,,,,,,,,,,,,,,,,,,,,,,,,,,-28.5
2022-08-25,,,,,,,,,,,,,,,,,,,,,,,,,,,,,,,,,,,,,378.5
2022-08-26,,,,,,,,,,,,,,,,,,,,,,,,,,,,,,,,,,,,,0.0
2022-08-29,,,,,,,,,,,,,,,,,,,,,,,,,,,,,,,,,,,,,-433.0
2022-08-30,,,,,,,,,,,,,,,,,,,,,,,,,,,,,,,,,,,,,5.0
2022-08-31,,,,,,,,,,,,,,,,,,,,,,,,,,,,,,,,,,,,,308.0
2022-09-01,,,,,,,,,,,,,,,,,,,,,,,,,,,,,,,,,,,,,-70.5
2022-09-02,,,,,,,,,,,,,,,,,,,,,,,,,,,,,,,,,,,,,-210.0
2022-09-06,,,,,,,,,,,,,,,,,,,,,,,,,,,,,,,,,,,,,-660.0
2022-09-07,,,,,,,,,,,,,,,,,,,,,,,,,,,,,,,,,,,,,85.0
2022-09-08,,,,,,,,,,,,,,,,,,,,,,,,,,,,,,,,,,,,,-325.0
2022-09-09,,,,,,,,,,,,,,,,,,,,,,,,,,,,,,,,,,,,,475.0
2022-09-12,,,,,,,,,,,,,,,,,,,,,,,,,,,,,,,,,,,,,255.0
2022-09-13,,,,,,,,,,,,,,,,,,,,,,,,,,,,,,,,,,,,,-162.5
2022-09-14,,,,,,,,,,,,,,,,,,,,,,,,,,,,,,,,,,,,,-493.0
2022-09-15,,,,,,,,,,,,,,,,,,,,,,,,,,,,,,,,,,,,,491.0
2022-09-16,,,,,,,,,,,,,,,,,,,,,,,,,,,,,,,,,,,,,122.5
2022-09-19,,,,,,,,,,,,,,,,,,,,,,,,,,,,,,,,,,,,,-323.5
2022-09-20,,,,,,,,,,,,,,,,,,,,,,,,,,,,,,,,,,,,,-164.5
2022-09-21,,,,,,,,,,,,,,,,,,,,,,,,,,,,,,,,,,,,,85.5
2022-09-22,,,,,,,,,,,,,,,,,,,,,,,,,,,,,,,,,,,,,-390.5
2022-09-23,,,,,,,,,,,,,,,,,,,,,,,,,,,,,,,,,,,,,245.0
2022-09-26,,,,,,,,,,,,,,,,,,,,,,,,,,,,,,,,,,,,,-376.0
2022-09-27,,,,,,,,,,,,,,,,,,,,,,,,,,,,,,,,,,,,,0.0
2022-09-28,,,,,,,,,,,,,,,,,,,,,,,,,,,,,,,,,,,,,0.0
2022-09-29,,,,,,,,,,,,,,,,,,,,,,,,,,,,,,,,,,,,,0.0
2022-09-30,,,,,,,,,,,,,,,,,,,,,,,,,,,,,,,,,,,,,0.0
2022-10-03,,,,,,,,,,,,,,,,,,,,,,,,,,,,,,,,,,,,,0.0
2022-10-04,,,,,,,,,,,,,,,,,,,,,,,,,,,,,,,,,,,,,0.0
2022-10-05,,,,,,,,,,,,,,,,,,,,,,,,,,,,,,,,,,,,,-17.0
2022-10-06,,,,,,,,,,,,,,,,,,,,,,,,,,,,,,,,,,,,,-360.0
2022-10-07,,,,,,,,,,,,,,,,,,,,,,,,,,,,,,,,,,,,,0.0
2022-10-10,,,,,,,,,,,,,,,,,,,,,,,,,,,,,,,,,,,,,0.0
2022-10-11,,,,,,,,,,,,,,,,,,,,,,,,,,,,,,,,,,,,,0.0
2022-10-12,,,,,,,,,,,,,,,,,,,,,,,,,,,,,,,,,,,,,0.0
2022-10-13,,,,,,,,,,,,,,,,,,,,,,,,,,,,,,,,,,,,,0.0
2022-10-14,,,,,,,,,,,,,,,,,,,,,,,,,,,,,,,,,,,,,0.0
2022-10-17,,,,,,,,,,,,,,,,,,,,,,,,,,,,,,,,,,,,,0.0
2022-10-18,,,,,,,,,,,,,,,,,,,,,,,,,,,,,,,,,,,,,0.0
2022-10-19,,,,,,,,,,,,,,,,,,,,,,,,,,,,,,,,,,,,,0.0
2022-10-20,,,,,,,,,,,,,,,,,,,,,,,,,,,,,,,,,,,,,0.0
2022-10-21,,,,,,,,,,,,,,,,,,,,,,,,,,,,,,,,,,,,,-310.0
2022-10-24,,,,,,,,,,,,,,,,,,,,,,,,,,,,,,,,,,,,,-4.5
2022-10-25,,,,,,,,,,,,,,,,,,,,,,,,,,,,,,,,,,,,,-278.0
2022-10-26,,,,,,,,,,,,,,,,,,,,,,,,,,,,,,,,,,,,,-288.0
2022-10-27,,,,,,,,,,,,,,,,,,,,,,,,,,,,,,,,,,,,,740.5
2022-10-28,,,,,,,,,,,,,,,,,,,,,,,,,,,,,,,,,,,,,369.5
2022-10-31,,,,,,,,,,,,,,,,,,,,,,,,,,,,,,,,,,,,,174.0
2022-11-01,,,,,,,,,,,,,,,,,,,,,,,,,,,,,,,,,,,,,197.0
2022-11-02,,,,,,,,,,,,,,,,,,,,,,,,,,,,,,,,,,,,,109.5
2022-11-03,,,,,,,,,,,,,,,,,,,,,,,,,,,,,,,,,,,,,254.0
2022-11-04,,,,,,,,,,,,,,,,,,,,,,,,,,,,,,,,,,,,,-650.0
2022-11-07,,,,,,,,,,,,,,,,,,,,,,,,,,,,,,,,,,,,,305.0
2022-11-08,,,,,,,,,,,,,,,,,,,,,,,,,,,,,,,,,,,,,-325.0
2022-11-09,,,,,,,,,,,,,,,,,,,,,,,,,,,,,,,,,,,,,469.5
2022-11-10,,,,,,,,,,,,,,,,,,,,,,,,,,,,,,,,,,,,,1612.0
2022-11-11,,,,,,,,,,,,,,,,,,,,,,,,,,,,,,,,,,,,,-162.5
2022-11-14,,,,,,,,,,,,,,,,,,,,,,,,,,,,,,,,,,,,,0.0
2022-11-15,,,,,,,,,,,,,,,,,,,,,,,,,,,,,,,,,,,,,183.0
2022-11-16,,,,,,,,,,,,,,,,,,,,,,,,,,,,,,,,,,,,,-162.5
2022-11-17,,,,,,,,,,,,,,,,,,,,,,,,,,,,,,,,,,,,,-162.5
2022-11-18,,,,,,,,,,,,,,,,,,,,,,,,,,,,,,,,,,,,,-162.5
2022-11-21,,,,,,,,,,,,,,,,,,,,,,,,,,,,,,,,,,,,,0.0
2022-11-22,,,,,,,,,,,,,,,,,,,,,,,,,,,,,,,,,,,,,27.5
2022-11-23,,,,,,,,,,,,,,,,,,,,,,,,,,,,,,,,,,,,,149.0
2022-11-28,,,,,,,,,,,,,,,,,,,,,,,,,,,,,,,,,,,,,-4.0
2022-11-29,,,,,,,,,,,,,,,,,,,,,,,,,,,,,,,,,,,,,-162.5
2022-11-30,,,,,,,,,,,,,,,,,,,,,,,,,,,,,,,,,,,,,1072.0
2022-12-01,,,,,,,,,,,,,,,,,,,,,,,,,,,,,,,,,,,,,-231.0
2022-12-02,,,,,,,,,,,,,,,,,,,,,,,,,,,,,,,,,,,,,-89.5
2022-12-05,,,,,,,,,,,,,,,,,,,,,,,,,,,,,,,,,,,,,0.0
2022-12-06,,,,,,,,,,,,,,,,,,,,,,,,,,,,,,,,,,,,,-162.5
2022-12-07,,,,,,,,,,,,,,,,,,,,,,,,,,,,,,,,,,,,,0.0
2022-12-08,,,,,,,,,,,,,,,,,,,,,,,,,,,,,,,,,,,,,78.0
2022-12-09,,,,,,,,,,,,,,,,,,,,,,,,,,,,,,,,,,,,,-283.0
2022-12-12,,,,,,,,,,,,,,,,,,,,,,,,,,,,,,,,,,,,,249.5
2022-12-13,,,,,,,,,,,,,,,,,,,,,,,,,,,,,,,,,,,,,202.5
2022-12-14,,,,,,,,,,,,,,,,,,,,,,,,,,,,,,,,,,,,,-162.5
2022-12-15,,,,,,,,,,,,,,,,,,,,,,,,,,,,,,,,,,,,,-162.5
2022-12-16,,,,,,,,,,,,,,,,,,,,,,,,,,,,,,,,,,,,,0.0
2022-12-19,,,,,,,,,,,,,,,,,,,,,,,,,,,,,,,,,,,,,-162.5
2022-12-20,,,,,,,,,,,,,,,,,,,,,,,,,,,,,,,,,,,,,-162.5
2022-12-21,,,,,,,,,,,,,,,,,,,,,,,,,,,,,,,,,,,,,212.0
2022-12-22,,,,,,,,,,,,,,,,,,,,,,,,,,,,,,,,,,,,,-162.5
2022-12-23,,,,,,,,,,,,,,,,,,,,,,,,,,,,,,,,,,,,,-162.5
2022-12-27,,,,,,,,,,,,,,,,,,,,,,,,,,,,,,,,,,,,,-162.5
2022-12-28,,,,,,,,,,,,,,,,,,,,,,,,,,,,,,,,,,,,,-162.5
2022-12-29,,,,,,,,,,,,,,,,,,,,,,,,,,,,,,,,,,,,,429.5
2022-12-30,,,,,,,,,,,,,,,,,,,,,,,,,,,,,,,,,,,,,0.0
2023-01-03,,,,,,,,,,,,0.0,,,,,,,,,,,,,,,,,,,,,,,,,-162.5
2023-01-04,,,,,,,,,,,,-120.0,,,,,,,,,,,,,,,,,,,,,,,,,-325.0
2023-01-05,,,,,,,,,,,,0.0,,,,,,,,,,,,,,,,,,,,,,,,,0.0
2023-01-06,,,,,,,,,,,,0.0,,,,,,,,,,,,,,,,,,,,,,,,,20.5
2023-01-09,,,,,,,,,,,,-120.0,,,,,,,,,,,,,,,,,,,,,,,,,66.0
2023-01-10,,,,,,,,,,,,0.0,,,,,,,,,,,,,,,,,,,,,,,,,-487.5
2023-01-11,,,,,,,,,,,,106.0,,,,,,,,,,,,,,,,,,,,,,,,,353.0
2023-01-12,,,,,,,,,,,,-120.0,,,,,,,,,,,,,,,,,,,,,,,,,-162.5
2023-01-13,,,,,,,,,,,,0.0,,,,,,,,,,,,,,,,,,,,,,,,,11.0
2023-01-17,,,,,,,,,,,,0.0,,,,,,,,,,,,,,,,,,,,,,,,,-162.5
2023-01-18,,,,,,,,,,,,0.0,,,,,,,,,,,,,,,,,,,,,,,,,-162.5
2023-01-19,,,,,,,,,,,,0.0,,,,,,,,,,,,,,,,,,,,,,,,,0.0
2023-01-20,,,,,,,,,,,,269.5,,,,,,,,,,,,,,,,,,,,,,,,,456.5
2023-01-23,,,,,,,,,,,,73.5,,,,,,,,,,,,,,,,,,,,,,,,,453.0
2023-01-24,,,,,,,,,,,,0.0,,,,,,,,,,,,,,,,,,,,,,,,,0.0
2023-01-25,,,,,,,,,,,,0.0,,,,,,,,,,,,,,,,,,,,,,,,,0.0
2023-01-26,,,,,,,,,,,,0.0,,,,,,,,,,,,,,,,,,,,,,,,,324.5
2023-01-27,,,,,,,,,,,,0.0,,,,,,,,,,,,,,,,,,,,,,,,,251.5
2023-01-30,,,,,,,,,,,,0.0,,,,,,,,,,,,,,,,,,,,,,,,,-162.5
2023-01-31,,,,,,,,,,,,0.0,,,,,,,,,,,,,,,,,,,,,,,,,302.0
2023-02-01,,,,,,,,,,,,0.0,,,,,,,,,,,,,,,,,,,,,,,,,782.0
2023-02-02,,,,,,,,,,,,-120.0,,,,,,,,,,,,,,,,,,,,,,,,,281.0
2023-02-03,,,,,,,,,,,,0.0,,,,,,,,,,,,,,,,,,,,,,,,,-325.0
2023-02-06,,,,,,,,,,,,0.0,,,,,,,,,,,,,,,,,,,,,,,,,-162.5
2023-02-07,,,,,,,,,,,,0.0,,,,,,,,,,,,,,,,,,,,,,,,,402.0
2023-02-08,,,,,,,,,,,,0.0,,,,,,,,,,,,,,,,,,,,,,,,,-162.5
2023-02-09,,,,,,,,,,,,0.0,,,,,,,,,,,,,,,,,,,,,,,,,-162.5
2023-02-10,,,,,,,,,,,,0.0,,,,,,,,,,,,,,,,,,,,,,,,,0.0
2023-02-13,,,,,,,,,,,,34.5,,,,,,,,,,,,,,,,,,,,,,,,,392.5
2023-02-14,,,,,,,,,,,,0.0,,,,,,,,,,,,,,,,,,,,,,,,,-325.0
2023-02-15,,,,,,,,,,,,0.0,,,,,,,,,,,,,,,,,,,,,,,,,65.5
2023-02-16,,,,,,,,,,,,0.0,,,,,,,,,,,,,,,,,,,,,,,,,-162.5
2023-02-17,,,,,,,,,,,,0.0,,,,,,,,,,,,,,,,,,,,,,,,,0.0
2023-02-21,,,,,,,,,,,,0.0,,,,,,,,,,,,,,,,,,,,,,,,,-34.5
2023-02-22,,,,,,,,,,,,0.0,,,,,,,,,,,,,,,,,,,,,,,,,-162.5
2023-02-23,,,,,,,,,,,,0.0,,,,,,,,,,,,,,,,,,,,,,,,,-162.5
2023-02-24,,,,,,,,,,,,0.0,,,,,,,,,,,,,,,,,,,,,,,,,-162.5
2023-02-27,,,,,,,,,,,,0.0,,,,,,,,,,,,,,,,,,,,,,,,,140.5
2023-02-28,,,,,,,,,,,,0.0,,,,,,,,,,,,,,,,,,,,,,,,,-325.0
2023-03-01,,,,,,,,,,,,0.0,,,,,,,,,,,,,,,,,,,,,,,,,-162.5
2023-03-02,,,,,,,,,,,,0.0,,,,,,,,,,,,,,,,,,,,,,,,,104.5
2023-03-03,,,,,,,,,,,,148.0,,,,,,,,,,,,,,,,,,,,,,,,,520.5
2023-03-06,,,,,,,,,,,,-120.0,,,,,,,,,,,,,,,,,,,,,,,,,-38.5
2023-03-07,,,,,,,,,,,,0.0,,,,,,,,,,,,,,,,,,,,,,,,,-162.5
2023-03-08,,,,,,,,,,,,0.0,,,,,,,,,,,,,,,,,,,,,,,,,95.5
2023-03-09,,,,,,,,,,,,0.0,,,,,,,,,,,,,,,,,,,,,,,,,-162.5
2023-03-10,,,,,,,,,,,,0.0,,,,,,,,,,,,,,,,,,,,,,,,,-325.0
2023-03-13,,,,,,,,,,,,0.0,,,,,,,,,,,,,,,,,,,,,,,,,-366.0
2023-03-14,,,,,,,,,,,,-120.0,,,,,,,,,,,,,,,,,,,,,,,,,-13.5
2023-03-15,,,,,,,,,,,,0.0,,,,,,,,,,,,,,,,,,,,,,,,,143.0
2023-03-16,,,,,,,,,,,,0.0,,,,,,,,,,,,,,,,,,,,,,,,,415.5
2023-03-17,,,,,,,,,,,,0.0,,,,,,,,,,,,,,,,,,,,,,,,,-162.5
2023-03-20,,,,,,,,,,,,0.0,,,,,,,,,,,,,,,,,,,,,,,,,-238.5
2023-03-21,,,,,,,,,,,,0.0,,,,,,,,,,,,,,,,,,,,,,,,,308.0
2023-03-22,,,,,,,,,,,,-120.0,,,,,,,,,,,,,,,,,,,,,,,,,-162.5
2023-03-23,,,,,,,,,,,,0.0,,,,,,,,,,,,,,,,,,,,,,,,,269.5
2023-03-24,,,,,,,,,,,,0.0,,,,,,,,,,,,,,,,,,,,,,,,,-162.5
2023-03-27,,,,,,,,,,,,0.0,,,,,,,,,,,,,,,,,,,,,,,,,-162.5
2023-03-28,,,,,,,,,,,,0.0,,,,,,,,,,,,,,,,,,,,,,,,,0.0
2023-03-29,,,,,,,,,,,,0.0,,,,,,,,,,,,,,,,,,,,,,,,,381.5
2023-03-30,,,,,,,,,,,,0.0,,,,,,,,,,,,,,,,,,,,,,,,,188.5
2023-03-31,,,,,,,,,,,,269.5,,,,,,,,,,,,,,,,,,,,,,,,,415.5
2023-04-03,,,,,,,,,,,,0.0,,,,,,,,,,,,,,,,,,,,,,,,,0.0
2023-04-04,,,,,,,,,,,,0.0,,,,,,,,,,,,,,,,,,,,,,,,,-162.5
2023-04-05,,,,,,,,,,,,0.0,,,,,,,,,,,,,,,,,,,,,,,,,0.0
2023-04-06,,,,,,,,,,,,0.0,,,,,,,,,,,,,,,,,,,,,,,,,167.5
2023-04-10,,,,,,,,,,,,0.0,,,,,,,,,,,,,,,,,,,,,,,,,0.0
2023-04-11,,,,,,,,,,,,0.0,,,,,,,,,,,,,,,,,,,,,,,,,-162.5
2023-04-12,,,,,,,,,,,,0.0,,,,,,,,,,,,,,,,,,,,,,,,,-162.5
2023-04-13,,,,,,,,,,,,140.5,,,,,,,,,,,,,,,,,,,,,,,,,450.0
2023-04-14,,,,,,,,,,,,0.0,,,,,,,,,,,,,,,,,,,,,,,,,-325.0
2023-04-17,,,,,,,,,,,,0.0,,,,,,,,,,,,,,,,,,,,,,,,,-162.5
2023-04-18,,,,,,,,,,,,0.0,,,,,,,,,,,,,,,,,,,,,,,,,-38.5
2023-04-19,,,,,,,,,,,,0.0,,,,,,,,,,,,,,,,,,,,,,,,,-22.0
2023-04-20,,,,,,,,,,,,0.0,,,,,,,,,,,,,,,,,,,,,,,,,-162.5
2023-04-21,,,,,,,,,,,,0.0,,,,,,,,,,,,,,,,,,,,,,,,,-186.5
2023-04-24,,,,,,,,,,,,0.0,,,,,,,,,,,,,,,,,,,,,,,,,-162.5
2023-04-25,,,,,,,,,,,,0.0,,,,,,,,,,,,,,,,,,,,,,,,,0.0
2023-04-26,,,,,,,,,,,,-120.0,,,,,,,,,,,,,,,,,,,,,,,,,-325.0
2023-04-27,,,,,,,,,,,,296.0,,,,,,,,,,,,,,,,,,,,,,,,,564.0
2023-04-28,,,,,,,,,,,,0.0,,,,,,,,,,,,,,,,,,,,,,,,,0.0
2023-05-01,,,,,,,,,,,,0.0,,,,,,,,,,,,,,,,,,,,,,,,,-103.5
2023-05-02,,,,,,,,,,,,0.0,,,,,,,,,,,,,,,,,,,,,,,,,-162.5
2023-05-03,,,,,,,,,,,,0.0,,,,,,,,,,,,,,,,,,,,,,,,,-162.5
2023-05-04,,,,,,,,,,,,0.0,,,,,,,,,,,,,,,,,,,,,,,,,-162.5
2023-05-05,,,,,,,,,,,,198.5,,,,,,,,,,,,,,,,,,,,,,,,,451.0
2023-05-08,,,,,,,,,,,,0.0,,,,,,,,,,,,,,,,,,,,,,,,,13.5
2023-05-09,,,,,,,,,,,,0.0,,,,,,,,,,,,,,,,,,,,,,,,,0.0
2023-05-10,,,,,,,,,,,,0.0,,,,,,,,,,,,,,,,,,,,,,,,,-378.5
2023-05-11,,,,,,,,,,,,40.5,,,,,,,,,,,,,,,,,,,,,,,,,24.5
2023-05-12,,,,,,,,,,,,0.0,,,,,,,,,,,,,,,,,,,,,,,,,-162.5
2023-05-15,,,,,,,,,,,,53.0,,,,,,,,,,,,,,,,,,,,,,,,,160.0
2023-05-16,,,,,,,,,,,,0.0,,,,,,,,,,,,,,,,,,,,,,,,,45.5
2023-05-17,,,,,,,,,,,,196.5,,,,,,,,,,,,,,,,,,,,,,,,,249.5
2023-05-18,,,,,,,,,,,,111.0,,,,,,,,,,,,,,,,,,,,,,,,,488.5
2023-05-19,,,,,,,,,,,,0.0,,,,,,,,,,,,,,,,,,,,,,,,,-162.5
2023-05-22,,,,,,,,,,,,0.0,,,,,,,,,,,,,,,,,,,,,,,,,140.5
2023-05-23,,,,,,,,,,,,0.0,,,,,,,,,,,,,,,,,,,,,,,,,-162.5
2023-05-24,,,,,,,,,,,,0.0,,,,,,,,,,,,,,,,,,,,,,,,,0.0
2023-05-25,,,,,,,,,,,,0.0,,,,,,,,,,,,,,,,,,,,,,,,,314.5
2023-05-26,,,,,,,,,,,,154.0,,,,,,,,,,,,,,,,,,,,,,,,,744.0
2023-05-30,,,,,,,,,,,,0.0,,,,,,,,,,,,,,,,,,,,,,,,,-5.5
2023-05-31,,,,,,,,,,,,0.0,,,,,,,,,,,,,,,,,,,,,,,,,-162.5
2023-06-01,,,,,,,,,,,,160.5,,,,,,,,,,,,,,,,,,,,,,,,,361.0
2023-06-02,,,,,,,,,,,,0.0,,,,,,,,,,,,,,,,,,,,,,,,,142.5
2023-06-05,,,,,,,,,,,,0.0,,,,,,,,,,,,,,,,,,,,,,,,,-35.5
2023-06-06,,,,,,,,,,,,0.0,,,,,,,,,,,,,,,,,,,,,,,,,-180.0
2023-06-07,,,,,,,,,,,,0.0,,,,,,,,,,,,,,,,,,,,,,,,,-162.5
2023-06-08,,,,,,,,,,,,81.0,,,,,,,,,,,,,,,,,,,,,,,,,246.0
2023-06-09,,,,,,,,,,,,0.0,,,,,,,,,,,,,,,,,,,,,,,,,41.5
2023-06-12,,,,,,,,,,,,243.0,,,,,,,,,,,,,,,,,,,,,,,,,489.0
2023-06-13,,,,,,,,,,,,0.0,,,,,,,,,,,,,,,,,,,,,,,,,179.5
2023-06-14,,,,,,,,,,,,0.0,,,,,,,,,,,,,,,,,,,,,,,,,-139.5
2023-06-15,,,,,,,,,,,,0.0,,,,,,,,,,,,,,,,,,,,,,,,,353.5
2023-06-16,,,,,,,,,,,,0.0,,,,,,,,,,,,,,,,,,,,,,,,,-162.5
2023-06-20,,,,,,,,,,,,0.0,,,,,,,,,,,,,,,,,,,,,,,,,-136.5
2023-06-21,,,,,,,,,,,,0.0,,,,,,,,,,,,,,,,,,,,,,,,,-162.5
2023-06-22,,,,,,,,,,,,0.0,,,,,,,,,,,,,,,,,,,,,,,,,210.0
2023-06-23,,,,,,,,,,,,0.0,,,,,,,,,,,,,,,,,,,,,,,,,0.0
2023-06-26,,,,,,,,,,,,0.0,,,,,,,,,,,,,,,,,,,,,,,,,-325.0
2023-06-27,,,,,,,,,,,,287.0,,,,,,,,,,,,,,,,,,,,,,,,,391.5
2023-06-28,,,,,,,,,,,,0.0,,,,,,,,,,,,,,,,,,,,,,,,,84.0
2023-06-29,,,,,,,,,,,,0.0,,,,,,,,,,,,,,,,,,,,,,,,,-162.5
2023-06-30,,,,,,,,,,,,0.0,,,,,,,,,,,,,,,,,,,,,,,,,367.5
2023-07-05,,,,,,,,,,,,0.0,,,,,,,,,,,,,,,,,,,,,,,,,-201.5
2023-07-06,,,,,,,,,,,,0.0,,,,,,,,,,,,,,,,,,,,,,,,,0.0
2023-07-07,,,,,,,,,,,,0.0,,,,,,,,,,,,,,,,,,,,,,,,,-325.0
2023-07-10,,,,,,,,,,,,0.0,,,,,,,,,,,,,,,,,,,,,,,,,-312.0
2023-07-11,,,,,,,,,,,,0.0,,,,,,,,,,,,,,,,,,,,,,,,,4.0
2023-07-12,,,,,,,,,,,,0.0,,,,,,,,,,,,,,,,,,,,,,,,,336.0
2023-07-13,,,,,,,,,,,,193.0,,,,,,,,,,,,,,,,,,,,,,,,,396.0
2023-07-14,,,,,,,,,,,,0.0,,,,,,,,,,,,,,,,,,,,,,,,,-56.5
2023-07-17,,,,,,,,,,,,159.5,,,,,,,,,,,,,,,,,,,,,,,,,283.5
2023-07-18,,,,,,,,,,,,0.0,,,,,,,,,,,,,,,,,,,,,,,,,-16.5
2023-07-19,,,,,,,,,,,,-120.0,,,,,,,,,,,,,,,,,,,,,,,,,-96.0
2023-07-20,,,,,,,,,,,,0.0,,,,,,,,,,,,,,,,,,,,,,,,,0.0
2023-07-21,,,,,,,,,,,,0.0,,,,,,,,,,,,,,,,,,,,,,,,,-162.5
2023-07-24,,,,,,,,,,,,0.0,,,,,,,,,,,,,,,,,,,,,,,,,27.0
2023-07-25,,,,,,,,,,,,56.5,,,,,,,,,,,,,,,,,,,,,,,,,271.0
2023-07-26,,,,,,,,,,,,0.0,,,,,,,,,,,,,,,,,,,,,,,,,0.0
2023-07-27,,,,,,,,,,,,0.0,,,,,,,,,,,,,,,,,,,,,,,,,-162.5
2023-07-28,,,,,,,,,,,,-120.0,,,,,,,,,,,,,,,,,,,,,,,,,152.5
2023-07-31,,,,,,,,,,,,0.0,,,,,,,,,,,,,,,,,,,,,,,,,-162.5
2023-08-01,,,,,,,,,,,,0.0,,,,,,,,,,,,,,,,,,,,,,,,,-162.5
2023-08-02,,,,,,,,,,,,0.0,,,,,,,,,,,,,,,,,,,,,,,,,-162.5
2023-08-03,,,,,,,,,,,,0.0,,,,,,,,,,,,,,,,,,,,,,,,,-325.0
2023-08-04,,,,,,,,,,,,0.0,,,,,,,,,,,,,,,,,,,,,,,,,-325.0
2023-08-07,,,,,,,,,,,,0.0,,,,,,,,,,,,,,,,,,,,,,,,,164.5
2023-08-08,,,,,,,,,,,,0.0,,,,,,,,,,,,,,,,,,,,,,,,,0.0
2023-08-09,,,,,,,,,,,,0.0,,,,,,,,,,,,,,,,,,,,,,,,,-162.5
2023-08-10,,,,,,,,,,,,0.0,,,,,,,,,,,,,,,,,,,,,,,,,-162.5
2023-08-11,,,,,,,,,,,,0.0,,,,,,,,,,,,,,,,,,,,,,,,,-162.5
2023-08-14,,,,,,,,,,,,0.0,,,,,,,,,,,,,,,,,,,,,,,,,65.5
2023-08-15,,,,,,,,,,,,0.0,,,,,,,,,,,,,,,,,,,,,,,,,-162.5
2023-08-16,,,,,,,,,,,,0.0,,,,,,,,,,,,,,,,,,,,,,,,,-162.5
2023-08-17,,,,,,,,,,,,0.0,,,,,,,,,,,,,,,,,,,,,,,,,0.0
2023-08-18,,,,,,,,,,,,0.0,,,,,,,,,,,,,,,,,,,,,,,,,-162.5
2023-08-21,,,,,,,,,,,,0.0,,,,,,,,,,,,,,,,,,,,,,,,,299.0
2023-08-22,,,,,,,,,,,,0.0,,,,,,,,,,,,,,,,,,,,,,,,,-30.5
2023-08-23,,,,,,,,,,,,165.0,,,,,,,,,,,,,,,,,,,,,,,,,694.0
2023-08-24,,,,,,,,,,,,0.0,,,,,,,,,,,,,,,,,,,,,,,,,-162.5
2023-08-25,,,,,,,,,,,,0.0,,,,,,,,,,,,,,,,,,,,,,,,,-167.5
2023-08-28,,,,,,,,,,,,0.0,,,,,,,,,,,,,,,,,,,,,,,,,145.0
2023-08-29,,,,,,,,,,,,0.0,,,,,,,,,,,,,,,,,,,,,,,,,621.0
2023-08-30,,,,,,,,,,,,0.0,,,,,,,,,,,,,,,,,,,,,,,,,-342.0
2023-08-31,,,,,,,,,,,,0.0,,,,,,,,,,,,,,,,,,,,,,,,,-11.0
2023-09-01,,,,,,,,,,,,0.0,,,,,,,,,,,,,,,,,,,,,,,,,-162.5
2023-09-05,,,,,,,,,,,,0.0,,,,,,,,,,,,,,,,,,,,,,,,,-118.0
2023-09-06,,,,,,,,,,,,0.0,,,,,,,,,,,,,,,,,,,,,,,,,0.0
2023-09-07,,,,,,,,,,,,0.0,,,,,,,,,,,,,,,,,,,,,,,,,0.0
2023-09-08,,,,,,,,,,,,0.0,,,,,,,,,,,,,,,,,,,,,,,,,68.5
2023-09-11,,,,,,,,,,,,0.0,,,,,,,,,,,,,,,,,,,,,,,,,292.5
2023-09-12,,,,,,,,,,,,0.0,,,,,,,,,,,,,,,,,,,,,,,,,-162.5
2023-09-13,,,,,,,,,,,,0.0,,,,,,,,,,,,,,,,,,,,,,,,,-22.5
2023-09-14,,,,,,,,,,,,18.5,,,,,,,,,,,,,,,,,,,,,,,,,183.5
2023-09-15,,,,,,,,,,,,0.0,,,,,,,,,,,,,,,,,,,,,,,,,-162.5
2023-09-18,,,,,,,,,,,,0.0,,,,,,,,,,,,,,,,,,,,,,,,,-27.5
2023-09-19,,,,,,,,,,,,0.0,,,,,,,,,,,,,,,,,,,,,,,,,0.0
2023-09-20,,,,,,,,,,,,0.0,,,,,,,,,,,,,,,,,,,,,,,,,-162.5
2023-09-21,,,,,,,,,,,,0.0,,,,,,,,,,,,,,,,,,,,,,,,,0.0
2023-09-22,,,,,,,,,,,,-120.0,,,,,,,,,,,,,,,,,,,,,,,,,-8.5
2023-09-25,,,,,,,,,,,,0.0,,,,,,,,,,,,,,,,,,,,,,,,,-162.5
2023-09-26,,,,,,,,,,,,0.0,,,,,,,,,,,,,,,,,,,,,,,,,0.0
2023-09-27,,,,,,,,,,,,0.0,,,,,,,,,,,,,,,,,,,,,,,,,-162.5
2023-09-28,,,,,,,,,,,,0.0,,,,,,,,,,,,,,,,,,,,,,,,,-35.5
2023-09-29,,,,,,,,,,,,0.0,,,,,,,,,,,,,,,,,,,,,,,,,23.0
2023-10-02,,,,,,,,,,,,0.0,,,,,,,,,,,,,,,,,,,,,,,,,-162.5
2023-10-03,,,,,,,,,,,,0.0,,,,,,,,,,,,,,,,,,,,,,,,,-162.5
2023-10-04,,,,,,,,,,,,0.0,,,,,,,,,,,,,,,,,,,,,,,,,102.0
2023-10-05,,,,,,,,,,,,0.0,,,,,,,,,,,,,,,,,,,,,,,,,-162.5
2023-10-06,,,,,,,,,,,,0.0,,,,,,,,,,,,,,,,,,,,,,,,,363.0
2023-10-09,,,,,,,,,,,,0.0,,,,,,,,,,,,,,,,,,,,,,,,,313.0
2023-10-10,,,,,,,,,,,,-120.0,,,,,,,,,,,,,,,,,,,,,,,,,118.5
2023-10-11,,,,,,,,,,,,0.0,,,,,,,,,,,,,,,,,,,,,,,,,192.5
2023-10-12,,,,,,,,,,,,0.0,,,,,,,,,,,,,,,,,,,,,,,,,-162.5
2023-10-13,,,,,,,,,,,,0.0,,,,,,,,,,,,,,,,,,,,,,,,,-162.5
2023-10-16,,,,,,,,,,,,0.0,,,,,,,,,,,,,,,,,,,,,,,,,102.5
2023-10-17,,,,,,,,,,,,0.0,,,,,,,,,,,,,,,,,,,,,,,,,-325.0
2023-10-18,,,,,,,,,,,,0.0,,,,,,,,,,,,,,,,,,,,,,,,,-162.5
2023-10-19,,,,,,,,,,,,0.0,,,,,,,,,,,,,,,,,,,,,,,,,-325.0
2023-10-20,,,,,,,,,,,,0.0,,,,,,,,,,,,,,,,,,,,,,,,,-162.5
2023-10-23,,,,,,,,,,,,0.0,,,,,,,,,,,,,,,,,,,,,,,,,-119.0
2023-10-24,,,,,,,,,,,,0.0,,,,,,,,,,,,,,,,,,,,,,,,,117.5
2023-10-25,,,,,,,,,,,,0.0,,,,,,,,,,,,,,,,,,,,,,,,,0.0
2023-10-26,,,,,,,,,,,,0.0,,,,,,,,,,,,,,,,,,,,,,,,,0.0
2023-10-27,,,,,,,,,,,,0.0,,,,,,,,,,,,,,,,,,,,,,,,,-162.5
2023-10-30,,,,,,,,,,,,0.0,,,,,,,,,,,,,,,,,,,,,,,,,134.5
2023-10-31,,,,,,,,,,,,0.0,,,,,,,,,,,,,,,,,,,,,,,,,-161.0
2023-11-01,,,,,,,,,,,,-120.0,,,,,,,,,,,,,,,,,,,,,,,,,558.5
2023-11-02,,,,,,,,,,,,81.5,,,,,,,,,,,,,,,,,,,,,,,,,343.5
2023-11-03,,,,,,,,,,,,41.5,,,,,,,,,,,,,,,,,,,,,,,,,244.5
2023-11-06,,,,,,,,,,,,0.0,,,,,,,,,,,,,,,,,,,,,,,,,18.5
2023-11-07,,,,,,,,,,,,77.0,,,,,,,,,,,,,,,,,,,,,,,,,319.0
2023-11-08,,,,,,,,,,,,0.0,,,,,,,,,,,,,,,,,,,,,,,,,-162.5
2023-11-09,,,,,,,,,,,,0.0,,,,,,,,,,,,,,,,,,,,,,,,,-162.5
2023-11-10,,,,,,,,,,,,285.0,,,,,,,,,,,,,,,,,,,,,,,,,675.5
2023-11-13,,,,,,,,,,,,0.0,,,,,,,,,,,,,,,,,,,,,,,,,0.0
2023-11-14,,,,,,,,,,,,-120.0,,,,,,,,,,,,,,,,,,,,,,,,,625.0
2023-11-15,,,,,,,,,,,,0.0,,,,,,,,,,,,,,,,,,,,,,,,,-162.5
2023-11-16,,,,,,,,,,,,0.0,,,,,,,,,,,,,,,,,,,,,,,,,-162.5
2023-11-17,,,,,,,,,,,,0.0,,,,,,,,,,,,,,,,,,,,,,,,,-290.5
2023-11-20,,,,,,,,,,,,175.0,,,,,,,,,,,,,,,,,,,,,,,,,388.5
2023-11-21,,,,,,,,,,,,0.0,,,,,,,,,,,,,,,,,,,,,,,,,0.0
2023-11-22,,,,,,,,,,,,0.0,,,,,,,,,,,,,,,,,,,,,,,,,122.0
2023-11-27,,,,,,,,,,,,0.0,,,,,,,,,,,,,,,,,,,,,,,,,-210.0
2023-11-28,,,,,,,,,,,,0.0,,,,,,,,,,,,,,,,,,,,,,,,,20.0
2023-11-29,,,,,,,,,,,,0.0,,,,,,,,,,,,,,,,,,,,,,,,,-80.5
2023-11-30,,,,,,,,,,,,0.0,,,,,,,,,,,,,,,,,,,,,,,,,-162.5
2023-12-01,,,,,,,,,,,,0.0,,,,,,,,,,,,,,,,,,,,,,,,,-96.5
2023-12-04,,,,,,,,,,,,0.0,,,,,,,,,,,,,,,,,,,,,,,,,0.0
2023-12-05,,,,,,,,,,,,0.0,,,,,,,,,,,,,,,,,,,,,,,,,108.5
2023-12-06,,,,,,,,,,,,0.0,,,,,,,,,,,,,,,,,,,,,,,,,-162.5
2023-12-07,,,,,,,,,,,,-120.0,,,,,,,,,,,,,,,,,,,,,,,,,372.0
2023-12-08,,,,,,,,,,,,0.0,,,,,,,,,,,,,,,,,,,,,,,,,-176.0
2023-12-11,,,,,,,,,,,,0.0,,,,,,,,,,,,,,,,,,,,,,,,,115.0
2023-12-12,,,,,,,,,,,,0.0,,,,,,,,,,,,,,,,,,,,,,,,,251.0
2023-12-13,,,,,,,,,,,,0.0,,,,,,,,,,,,,,,,,,,,,,,,,128.0
2023-12-14,,,,,,,,,,,,0.0,,,,,,,,,,,,,,,,,,,,,,,,,-162.5
2023-12-15,,,,,,,,,,,,-120.0,,,,,,,,,,,,,,,,,,,,,,,,,119.0
2023-12-18,,,,,,,,,,,,127.0,,,,,,,,,,,,,,,,,,,,,,,,,186.0
2023-12-19,,,,,,,,,,,,-2.0,,,,,,,,,,,,,,,,,,,,,,,,,145.5
2023-12-20,,,,,,,,,,,,0.0,,,,,,,,,,,,,,,,,,,,,,,,,-162.5
2023-12-21,,,,,,,,,,,,0.0,,,,,,,,,,,,,,,,,,,,,,,,,247.0
2023-12-22,,,,,,,,,,,,0.0,,,,,,,,,,,,,,,,,,,,,,,,,-162.5
2023-12-26,,,,,,,,,,,,87.0,,,,,,,,,,,,,,,,,,,,,,,,,139.5
2023-12-27,,,,,,,,,,,,0.0,,,,,,,,,,,,,,,,,,,,,,,,,51.5
2023-12-28,,,,,,,,,,,,0.0,,,,,,,,,,,,,,,,,,,,,,,,,-111.0
2023-12-29,,,,,,,,,,,,0.0,,,,,,,,,,,,,,,,,,,,,,,,,-162.5
2024-01-02,,,,,,,,,,,,0.0,,,,,,,,,,,,,,,,,,,,,,,,,-162.5
2024-01-03,,,,,,,,,,,,0.0,,,,,,,,,,,,,,,,,,,,,,,,,0.0
2024-01-04,,,,,,,,,,,,0.0,,,,,,,,,,,,,,,,,,,,,,,,,-162.5
2024-01-05,,,,,,,,,,,,0.0,,,,,,,,,,,,,,,,,,,,,,,,,-162.5
2024-01-08,,,,,,,,,,,,244.5,,,,,,,,,,,,,,,,,,,,,,,,,587.0
2024-01-09,,,,,,,,,,,,0.0,,,,,,,,,,,,,,,,,,,,,,,,,88.5
2024-01-10,,,,,,,,,,,,130.0,,,,,,,,,,,,,,,,,,,,,,,,,223.0
2024-01-11,,,,,,,,,,,,0.0,,,,,,,,,,,,,,,,,,,,,,,,,-325.0
2024-01-12,,,,,,,,,,,,0.0,,,,,,,,,,,,,,,,,,,,,,,,,-244.5
2024-01-16,,,,,,,,,,,,0.0,,,,,,,,,,,,,,,,,,,,,,,,,-170.0
2024-01-17,,,,,,,,,,,,0.0,,,,,,,,,,,,,,,,,,,,,,,,,0.0
2024-01-18,,,,,,,,,,,,-120.0,,,,,,,,,,,,,,,,,,,,,,,,,495.0
2024-01-19,,,,,,,,,,,,328.0,,,,,,,,,,,,,,,,,,,,,,,,,659.0
2024-01-22,,,,,,,,,,,,0.0,,,,,,,,,,,,,,,,,,,,,,,,,-103.5
2024-01-23,,,,,,,,,,,,0.0,,,,,,,,,,,,,,,,,,,,,,,,,133.0
2024-01-24,,,,,,,,,,,,-120.0,,,,,,,,,,,,,,,,,,,,,,,,,52.5
2024-01-25,,,,,,,,,,,,-120.0,,,,,,,,,,,,,,,,,,,,,,,,,-162.5
2024-01-26,,,,,,,,,,,,0.0,,,,,,,,,,,,,,,,,,,,,,,,,-325.0
2024-01-29,,,,,,,,,,,,239.5,,,,,,,,,,,,,,,,,,,,,,,,,399.0
2024-01-30,,,,,,,,,,,,0.0,,,,,,,,,,,,,,,,,,,,,,,,,0.0
2024-01-31,0.0,0.0,,0.0,,,0.0,0.0,0.0,0.0,,0.0,0.0,,,,0.0,0.0,,,0.0,,0.0,0.0,0.0,0.0,,0.0,0.0,0.0,0.0,0.0,0.0,,95.5,-28.5,0.0
2024-02-01,,0.0,,0.0,,,0.0,0.0,-120.0,0.0,,0.0,0.0,,,,-122.5,87.0,,,0.0,,0.0,0.0,0.0,0.0,,0.0,0.0,0.0,0.0,0.0,0.0,,-112.5,-112.0,629.5
2024-02-02,0.0,0.0,,0.0,,,50.0,0.0,168.75,0.0,,0.0,0.0,,,,275.5,-70.0,,,307.0,,0.0,0.0,0.0,0.0,,0.0,0.0,0.0,0.0,0.0,0.0,,0.0,0.0,77.5
2024-02-05,,0.0,,0.0,0.0,,0.0,0.0,41.25,0.0,,0.0,0.0,,,,143.0,0.0,,,-309.5,,0.0,0.0,0.0,0.0,,0.0,0.0,0.0,0.0,0.0,-186.5,,0.0,-60.0,-197.0
2024-02-06,,-72.5,,0.0,0.0,,0.0,0.0,-35.0,0.0,,0.0,-77.5,0.0,0.0,0.0,-10.5,-29.0,,,-91.0,,0.0,0.0,0.0,0.0,,0.0,0.0,0.0,0.0,0.0,-43.5,0.0,-110.5,0.0,-162.5
2024-02-07,0.0,0.0,,0.0,0.0,0.0,0.0,0.0,0.0,0.0,,0.0,-142.5,0.0,0.0,0.0,0.0,-3.5,,,-12.5,,0.0,0.0,0.0,0.0,,0.0,0.0,0.0,0.0,0.0,0.0,0.0,-49.5,-74.5,308.0
2024-02-08,0.0,0.0,,0.0,0.0,0.0,0.0,0.0,0.0,0.0,,0.0,0.0,0.0,0.0,0.0,0.0,0.0,,,-65.5,,0.0,0.0,0.0,0.0,,0.0,0.0,0.0,0.0,0.0,0.0,0.0,18.0,6.0,-33.0
2024-02-09,,0.0,,0.0,0.0,0.0,0.0,0.0,0.0,0.0,,134.0,131.5,0.0,0.0,0.0,0.0,0.0,,,200.5,,0.0,0.0,0.0,0.0,,0.0,0.0,0.0,0.0,0.0,-37.0,0.0,0.0,-54.5,297.0
2024-02-12,,-72.5,,0.0,-62.5,0.0,0.0,0.0,75.0,0.0,,0.0,0.0,,0.0,0.0,273.0,0.0,,,-109.0,,0.0,0.0,0.0,0.0,,0.0,0.0,0.0,0.0,0.0,-113.0,0.0,0.0,0.0,-162.5
2024-02-13,0.0,0.0,,0.0,-62.5,0.0,0.0,0.0,-120.0,0.0,,0.0,0.0,0.0,-11.0,0.0,-122.5,-3.0,,,-193.0,,0.0,0.0,0.0,0.0,,0.0,0.0,0.0,0.0,0.0,-61.5,0.0,197.5,197.5,0.0
2024-02-14,0.0,0.0,,0.0,57.5,0.0,0.0,0.0,-120.0,0.0,,0.0,0.0,0.0,0.0,0.0,-122.5,0.0,,,-328.5,,0.0,0.0,0.0,0.0,,0.0,0.0,0.0,0.0,0.0,0.0,0.0,80.0,-90.5,264.5
2024-02-15,,-72.5,,0.0,57.5,0.0,0.0,0.0,-120.0,0.0,,0.0,-142.5,0.0,0.0,-75.0,-122.5,43.0,,,-184.0,,0.0,0.0,0.0,0.0,,0.0,0.0,0.0,0.0,0.0,0.0,0.0,0.0,0.0,0.0
2024-02-16,0.0,0.0,,0.0,0.0,0.0,0.0,-50.0,0.0,0.0,,0.0,0.0,0.0,0.0,0.0,-122.5,0.0,,,-16.0,,0.0,0.0,0.0,0.0,,0.0,0.0,0.0,0.0,0.0,0.0,0.0,197.5,197.5,-162.5
2024-02-20,,95.5,,0.0,0.0,0.0,0.0,-50.0,0.0,0.0,,0.0,-142.5,70.0,0.0,0.0,0.0,-60.0,,,-131.0,,0.0,0.0,0.0,0.0,,0.0,0.0,0.0,0.0,0.0,0.0,0.0,-250.5,-54.5,13.0
2024-02-21,,0.0,,0.0,0.0,0.0,0.0,-50.0,0.0,0.0,,0.0,68.5,0.0,0.0,0.0,0.0,0.0,,,-97.0,,0.0,0.0,0.0,0.0,,0.0,0.0,0.0,0.0,0.0,0.0,0.0,-110.5,-62.5,0.0
2024-02-22,69.0,0.0,,0.0,0.0,0.0,0.0,0.0,0.0,0.0,,165.0,188.0,0.0,0.0,0.0,0.0,-70.0,,,295.0,,0.0,0.0,0.0,0.0,,0.0,0.0,0.0,0.0,0.0,0.0,0.0,-101.5,-101.5,635.5
2024-02-23,,0.0,,0.0,-42.5,0.0,0.0,0.0,0.0,0.0,,0.0,0.0,0.0,0.0,75.0,97.5,-140.0,,,41.5,,0.0,0.0,0.0,0.0,,0.0,0.0,0.0,0.0,0.0,59.0,0.0,197.5,197.5,-162.5
2024-02-26,99.5,0.0,,0.0,0.0,0.0,0.0,0.0,0.0,0.0,,-120.0,-56.0,0.0,0.0,0.0,0.0,-70.0,,,-72.0,,0.0,0.0,0.0,0.0,,0.0,0.0,0.0,0.0,0.0,0.0,0.0,0.0,-146.0,-59.0
2024-02-27,,-72.5,,0.0,0.0,0.0,50.0,0.0,0.0,0.0,,0.0,0.0,0.0,0.0,0.0,0.0,0.0,,,-17.0,,0.0,0.0,0.0,0.0,,0.0,0.0,0.0,0.0,0.0,0.0,0.0,105.5,-72.0,101.5
2024-02-28,,0.0,,0.0,0.0,0.0,0.0,70.0,0.0,0.0,,0.0,0.0,-4.0,0.0,0.0,0.0,-70.0,,,-209.0,,0.0,0.0,0.0,0.0,,0.0,0.0,0.0,0.0,0.0,-136.0,0.0,52.0,-54.5,0.0
2024-02-29,153.5,-72.5,0.0,0.0,57.5,0.0,0.0,0.0,-120.0,0.0,,0.0,0.0,-59.0,0.0,-60.0,-122.5,-70.0,,,-290.5,,0.0,0.0,0.0,0.0,,0.0,0.0,0.0,0.0,0.0,84.0,0.0,-174.0,197.5,358.0
2024-03-01,147.5,0.0,0.0,0.0,0.0,0.0,0.0,0.0,0.0,0.0,,218.5,293.0,301.0,0.0,75.0,0.0,-70.0,,,293.5,,0.0,0.0,0.0,0.0,,0.0,0.0,0.0,0.0,0.0,0.0,0.0,-102.0,-57.5,481.0
2024-03-04,,0.0,0.0,0.0,0.0,0.0,0.0,0.0,0.0,0.0,,0.0,0.0,171.0,0.0,75.0,0.0,-70.0,,,107.5,,0.0,0.0,0.0,0.0,,0.0,0.0,0.0,0.0,0.0,85.0,0.0,-48.0,0.0,-162.5
2024-03-05,,368.0,0.0,0.0,0.0,0.0,0.0,0.0,0.0,0.0,,0.0,209.5,-28.0,0.0,0.0,0.0,202.0,,,297.5,,0.0,0.0,0.0,0.0,,0.0,0.0,0.0,0.0,0.0,26.0,0.0,-91.0,-87.0,0.0
2024-03-06,147.5,0.0,140.0,0.0,-62.5,0.0,0.0,0.0,28.75,0.0,,-120.0,-69.0,-40.0,0.0,-75.0,191.0,0.0,,,-291.5,,0.0,0.0,0.0,0.0,,0.0,0.0,0.0,0.0,0.0,0.0,0.0,-493.5,-190.5,105.5
2024-03-07,78.0,-72.5,140.0,0.0,57.5,0.0,0.0,0.0,12.5,0.0,,124.0,121.5,39.0,0.0,0.0,128.5,0.0,,,69.5,,0.0,0.0,0.0,0.0,,0.0,0.0,0.0,0.0,0.0,37.0,0.0,0.0,-79.5,420.0
2024-03-08,69.5,-72.5,-71.5,0.0,0.0,0.0,0.0,0.0,206.25,0.0,-39.0,0.0,0.0,200.0,0.0,75.0,497.5,-70.0,,,490.0,,0.0,0.0,0.0,0.0,,0.0,0.0,0.0,0.0,0.0,-185.0,0.0,395.0,-54.5,-162.5
2024-03-11,,0.0,0.0,0.0,0.0,0.0,0.0,0.0,0.0,0.0,,0.0,0.0,-22.0,0.0,0.0,0.0,20.0,,,0.0,,0.0,0.0,0.0,0.0,,0.0,0.0,0.0,0.0,0.0,0.0,0.0,197.5,197.5,-162.5
2024-03-12,-106.5,-72.5,0.0,0.0,0.0,0.0,0.0,0.0,0.0,0.0,,-120.0,151.5,0.0,14.0,0.0,0.0,0.0,,,146.5,,0.0,0.0,0.0,0.0,,0.0,0.0,0.0,0.0,0.0,67.0,0.0,319.5,-122.5,180.5
2024-03-13,,0.0,-72.0,0.0,0.0,0.0,0.0,0.0,0.0,0.0,,0.0,-142.5,30.0,0.0,75.0,35.5,0.0,,,-6.5,,0.0,0.0,0.0,0.0,,0.0,0.0,0.0,0.0,0.0,63.5,0.0,-147.0,-54.5,-162.5
2024-03-14,0.0,0.0,0.0,0.0,-62.5,0.0,0.0,0.0,-120.0,0.0,,0.0,0.0,0.0,0.0,0.0,-122.5,25.5,,,56.0,,0.0,0.0,0.0,0.0,,0.0,0.0,0.0,0.0,0.0,-23.5,0.0,-167.5,0.0,-162.5
2024-03-15,,0.0,0.0,0.0,0.0,0.0,0.0,-50.0,0.0,0.0,,0.0,-142.5,0.0,0.0,0.0,0.0,0.0,,,178.0,,0.0,0.0,0.0,0.0,,0.0,0.0,0.0,0.0,0.0,68.5,0.0,-180.5,-90.5,-162.5
2024-03-18,,0.0,0.0,0.0,0.0,0.0,0.0,0.0,0.0,0.0,,0.0,0.0,0.0,0.0,0.0,0.0,-70.0,,,32.5,,0.0,0.0,0.0,0.0,,0.0,0.0,0.0,0.0,0.0,-203.5,0.0,-100.0,-151.0,256.0
2024-03-19,0.0,-72.5,69.5,0.0,57.5,0.0,0.0,0.0,0.0,0.0,,0.0,0.0,0.0,0.0,0.0,-68.0,-11.5,,,-128.0,,0.0,0.0,0.0,0.0,,0.0,0.0,0.0,0.0,0.0,70.0,0.0,149.0,197.5,125.0
2024-03-20,147.5,0.0,0.0,0.0,0.0,0.0,0.0,0.0,0.0,0.0,,0.0,-142.5,0.0,0.0,0.0,0.0,21.5,,,-221.5,,0.0,0.0,0.0,0.0,,0.0,0.0,0.0,0.0,0.0,0.0,0.0,0.0,-114.5,187.5
2024-03-21,-105.5,-72.5,0.0,0.0,-62.5,0.0,0.0,0.0,-5.0,0.0,,0.0,-142.5,0.0,120.0,0.0,-122.5,0.0,,,140.5,,0.0,0.0,0.0,0.0,,0.0,0.0,0.0,0.0,0.0,0.0,0.0,139.5,139.5,45.0
2024-03-22,,0.0,0.0,0.0,0.0,0.0,0.0,0.0,-57.5,0.0,,0.0,-142.5,0.0,40.0,-75.0,3.5,0.0,,,93.0,,0.0,0.0,0.0,0.0,,0.0,0.0,0.0,0.0,0.0,-165.5,0.0,-91.0,46.0,-193.0
2024-03-25,,0.0,0.0,0.0,0.0,0.0,0.0,0.0,0.0,0.0,,0.0,0.0,0.0,0.0,-46.0,0.0,-70.0,,,-4.5,,0.0,0.0,0.0,0.0,,0.0,0.0,0.0,0.0,0.0,0.0,0.0,68.5,68.5,-193.0
2024-03-26,0.0,0.0,0.0,0.0,0.0,0.0,0.0,0.0,0.0,0.0,,0.0,0.0,0.0,6.0,0.0,171.0,0.0,,,50.0,,0.0,0.0,0.0,0.0,,0.0,0.0,0.0,0.0,0.0,158.5,0.0,197.5,197.5,-162.5
2024-03-27,0.0,123.0,0.0,0.0,0.0,0.0,0.0,0.0,-120.0,0.0,,0.0,0.0,-21.0,0.0,0.0,-122.5,166.5,,,-181.0,,0.0,0.0,0.0,0.0,,0.0,0.0,0.0,0.0,0.0,-181.0,0.0,0.0,0.0,-162.5
2024-03-28,0.0,0.0,0.0,0.0,-40.0,0.0,50.0,0.0,0.0,0.0,,0.0,0.0,88.0,0.0,75.0,67.0,-70.0,,,-77.0,,0.0,0.0,0.0,0.0,,0.0,0.0,0.0,0.0,0.0,-61.0,0.0,-56.0,-140.5,-113.5
2024-04-01,147.5,0.0,0.0,0.0,-22.5,0.0,50.0,0.0,0.0,0.0,,0.0,0.0,0.0,1.0,0.0,49.5,-0.5,65.5,,-52.5,,0.0,0.0,0.0,0.0,,0.0,0.0,0.0,0.0,0.0,-85.5,0.0,197.5,197.5,-162.5
2024-04-02,147.5,0.0,0.0,0.0,0.0,0.0,0.0,-50.0,72.5,0.0,,0.0,0.0,-105.0,-110.0,75.0,162.5,0.0,165.0,,-119.0,,0.0,0.0,0.0,0.0,,0.0,0.0,0.0,0.0,0.0,-119.0,0.0,-104.0,-54.5,-162.5
2024-04-03,-107.5,0.0,0.0,0.0,0.0,0.0,0.0,70.0,0.0,0.0,,0.0,0.0,0.0,0.0,0.0,0.0,235.0,0.0,,-156.5,,0.0,0.0,0.0,0.0,,0.0,0.0,0.0,0.0,0.0,0.0,0.0,197.5,197.5,40.0
2024-04-04,0.0,-72.5,-54.5,0.0,-62.5,0.0,0.0,0.0,462.5,0.0,,0.0,-142.5,0.0,0.0,0.0,-122.5,-70.0,791.0,,-141.5,,-25.0,-25.0,0.0,0.0,,0.0,0.0,0.0,0.0,0.0,-141.5,0.0,0.0,197.5,-162.5
2024-04-05,0.0,0.0,-119.0,0.0,-62.5,0.0,-70.0,0.0,0.0,0.0,,-120.0,69.5,175.0,0.0,75.0,118.0,0.0,120.5,,40.0,,-50.0,52.5,0.0,0.0,,0.0,0.0,0.0,0.0,0.0,0.0,0.0,94.0,-54.5,156.0
2024-04-08,,0.0,0.0,0.0,0.0,0.0,0.0,0.0,0.0,0.0,,0.0,-142.5,36.0,0.0,0.0,0.0,-70.0,0.0,,-122.0,,-79.0,-79.0,0.0,0.0,,0.0,0.0,0.0,0.0,0.0,-131.5,0.0,34.5,-101.0,-487.5
2024-04-09,,0.0,0.0,0.0,0.0,0.0,0.0,0.0,-120.0,0.0,,0.0,0.0,-105.0,-17.0,0.0,-122.5,230.0,-120.0,,196.0,,52.5,52.5,0.0,0.0,,0.0,0.0,0.0,0.0,0.0,298.0,0.0,-65.5,197.5,-195.5
2024-04-10,0.0,0.0,-51.5,0.0,57.5,0.0,0.0,70.0,-120.0,0.0,,0.0,0.0,0.0,0.0,0.0,6.0,-70.0,8.5,,78.0,,77.5,0.0,0.0,0.0,,0.0,0.0,0.0,0.0,0.0,0.0,-122.5,2.0,2.0,-162.5
2024-04-11,0.0,0.0,0.0,0.0,0.0,0.0,0.0,0.0,0.0,0.0,,426.5,0.0,170.0,0.0,0.0,453.5,290.5,456.0,,196.5,,-102.5,0.0,0.0,0.0,,0.0,0.0,0.0,0.0,0.0,0.0,0.0,-76.5,-72.0,136.5
2024-04-12,0.0,0.0,-80.5,0.0,-62.5,0.0,0.0,0.0,0.0,0.0,,0.0,0.0,200.0,460.0,75.0,-122.5,-53.0,-101.5,,326.0,,52.5,0.0,0.0,0.0,,0.0,0.0,0.0,0.0,0.0,297.0,115.0,-144.5,-110.0,0.0
2024-04-15,0.0,0.0,32.5,0.0,57.5,0.0,0.0,0.0,407.5,0.0,288.0,0.0,0.0,200.0,-110.0,0.0,706.5,0.0,-122.0,,375.0,,465.0,0.0,0.0,0.0,,0.0,0.0,0.0,0.0,0.0,295.5,287.5,150.5,197.5,-162.5
2024-04-16,,0.0,0.0,0.0,0.0,0.0,0.0,0.0,-40.0,0.0,,0.0,0.0,0.0,0.0,0.0,-4.0,0.0,-1.5,,14.5,,-102.5,0.0,47.5,47.5,,57.5,57.5,-72.5,57.5,-72.5,0.0,0.0,-208.5,-54.5,-162.5
2024-04-17,-102.5,-72.5,0.0,0.0,0.0,0.0,0.0,0.0,173.75,0.0,,0.0,0.0,-105.0,61.0,-75.0,341.0,0.0,343.5,,40.0,,155.0,155.0,47.5,47.5,,0.0,0.0,57.5,57.5,57.5,0.0,57.5,0.0,0.0,-325.0
2024-04-18,0.0,0.0,-104.5,0.0,-62.5,0.0,0.0,0.0,130.0,0.0,,0.0,0.0,0.0,-110.0,0.0,318.0,-70.0,320.5,,-78.5,,130.0,130.0,47.5,-122.5,,57.5,-72.5,-72.5,57.5,-72.5,0.0,-122.5,197.5,-54.5,-162.5
2024-04-19,,0.0,140.0,0.0,57.5,0.0,0.0,0.0,137.5,0.0,,0.0,317.0,65.0,0.0,0.0,430.5,0.0,433.0,,247.0,,77.5,77.5,47.5,0.0,,57.5,0.0,0.0,57.5,0.0,281.5,57.5,-99.5,-72.5,0.0
2024-04-22,0.0,0.0,-89.5,0.0,-62.5,0.0,0.0,0.0,-120.0,0.0,,0.0,0.0,0.0,7.0,0.0,-122.5,-70.0,-16.5,,-250.0,,285.0,285.0,47.5,47.5,,57.5,-72.5,-72.5,57.5,-72.5,-250.0,107.5,147.0,197.5,-186.0
2024-04-23,0.0,310.5,140.0,0.0,57.5,0.0,0.0,0.0,0.0,0.0,,48.0,79.0,0.0,0.0,75.0,-122.5,0.0,-146.0,,158.5,,168.0,168.0,0.0,0.0,,-72.5,-72.5,0.0,0.0,0.0,-8.0,70.5,-130.0,-69.5,600.0
2024-04-24,0.0,0.0,-81.5,0.0,57.5,0.0,0.0,0.0,-56.25,0.0,,0.0,0.0,0.0,0.0,0.0,0.0,0.0,-120.0,,-10.0,,310.0,0.0,0.0,0.0,,0.0,0.0,0.0,0.0,0.0,-203.5,100.0,395.0,197.5,-162.5
2024-04-25,,0.0,0.0,0.0,-62.5,0.0,0.0,0.0,440.0,0.0,,0.0,0.0,200.0,0.0,75.0,0.0,443.0,0.0,,260.0,,-102.5,0.0,0.0,0.0,,0.0,0.0,0.0,0.0,0.0,-245.0,0.0,395.0,197.5,639.5
2024-04-26,0.0,207.5,140.0,0.0,57.5,0.0,50.0,0.0,11.25,0.0,,0.0,93.5,-105.0,-36.0,0.0,0.0,-61.0,0.0,,59.0,,155.0,155.0,0.0,0.0,,0.0,0.0,0.0,0.0,0.0,23.5,-64.5,0.0,197.5,-6.5
2024-04-29,0.0,-72.5,-62.5,0.0,-62.5,0.0,0.0,0.0,-50.0,0.0,,0.0,0.0,0.0,0.0,-30.0,-122.5,-46.0,-166.0,,19.5,,-25.0,-25.0,0.0,0.0,,0.0,0.0,0.0,0.0,0.0,44.0,-122.5,0.0,-74.0,-162.5
2024-04-30,0.0,0.0,272.0,0.0,57.5,0.0,0.0,-50.0,-120.0,0.0,,0.0,0.0,0.0,5.0,0.0,-122.5,0.0,-120.0,60.0,157.0,,0.0,0.0,0.0,0.0,,0.0,0.0,0.0,0.0,0.0,120.5,0.0,-164.0,-94.5,0.0
2024-05-01,0.0,0.0,-128.5,0.0,-62.5,0.0,0.0,0.0,0.0,0.0,,0.0,-142.5,200.0,0.0,-75.0,0.0,-70.0,0.0,0.0,-235.5,,-25.0,0.0,0.0,0.0,,0.0,0.0,0.0,0.0,0.0,-250.0,50.0,90.5,-84.5,-325.0
2024-05-02,,0.0,140.0,0.0,57.5,0.0,50.0,0.0,-120.0,-7.5,,0.0,0.0,0.0,0.0,0.0,0.0,43.0,0.0,0.0,26.0,,-75.0,-75.0,0.0,0.0,,0.0,0.0,0.0,0.0,0.0,0.0,50.0,-319.5,-263.0,9.5
2024-05-03,,-72.5,140.0,0.0,57.5,0.0,0.0,0.0,0.0,-37.5,,0.0,0.0,0.0,0.0,0.0,0.0,0.0,0.0,0.0,-83.0,0.0,69.0,69.0,0.0,0.0,,0.0,0.0,0.0,0.0,0.0,-20.0,48.5,-82.5,-82.5,507.5
2024-05-06,,221.0,-52.0,0.0,57.5,0.0,0.0,0.0,0.0,-52.5,,47.5,45.0,0.0,0.0,-75.0,-122.5,-13.0,-120.0,120.0,177.0,0.0,77.5,77.5,0.0,0.0,,0.0,0.0,0.0,0.0,0.0,177.0,115.0,-42.0,-54.5,297.5
2024-05-07,,0.0,0.0,0.0,-62.5,0.0,0.0,0.0,0.0,-52.5,,-120.0,-49.5,0.0,0.0,0.0,-122.5,0.0,-120.0,60.0,-163.5,-80.0,-102.5,-102.5,0.0,0.0,,0.0,0.0,0.0,0.0,0.0,-18.5,-122.5,-82.5,-85.0,-13.0
2024-05-08,0.0,0.0,0.0,0.0,0.0,0.0,0.0,70.0,11.25,38.75,,0.0,0.0,0.0,0.0,0.0,0.0,139.0,0.0,0.0,30.0,-15.0,0.0,0.0,0.0,0.0,,0.0,0.0,0.0,0.0,0.0,30.0,0.0,-77.5,10.0,-231.0
2024-05-09,0.0,-112.5,-58.5,0.0,47.5,0.0,0.0,0.0,0.0,-52.5,,-10.5,0.0,156.0,0.0,75.0,0.0,0.0,0.0,-60.0,-121.5,89.5,155.0,155.0,0.0,0.0,,0.0,0.0,0.0,0.0,0.0,23.0,23.5,0.0,-88.0,-154.5
2024-05-10,0.0,0.0,0.0,0.0,0.0,0.0,0.0,0.0,0.0,42.5,,0.0,0.0,-105.0,0.0,0.0,0.0,-33.0,0.0,0.0,-68.5,-80.0,77.5,77.5,-6.25,0.0,,0.0,0.0,0.0,0.0,0.0,-68.5,0.0,147.5,197.5,-28.5
2024-05-13,,-23.0,0.0,0.0,0.0,0.0,0.0,0.0,0.0,32.5,,0.0,0.0,0.0,0.0,0.0,5.5,0.0,8.0,-60.0,-35.0,0.0,-102.5,-102.5,0.0,0.0,,0.0,0.0,0.0,0.0,0.0,-5.5,0.0,0.0,-3.5,28.5
2024-05-14,0.0,0.0,140.0,0.0,57.5,0.0,0.0,0.0,0.0,-52.5,,0.0,-142.5,39.0,0.0,47.0,-122.5,69.0,-240.0,60.0,221.0,286.5,155.0,155.0,0.0,0.0,,0.0,0.0,0.0,0.0,0.0,255.0,115.0,0.0,197.5,84.5
2024-05-15,0.0,0.0,140.0,0.0,57.5,0.0,0.0,0.0,0.0,-52.5,,303.5,301.0,156.0,0.0,75.0,-10.5,-15.0,-8.0,60.0,102.5,0.0,216.5,216.5,0.0,0.0,,0.0,0.0,0.0,0.0,0.0,255.0,128.5,0.0,-54.5,508.0
2024-05-16,,0.0,0.0,0.0,0.0,0.0,0.0,0.0,0.0,118.75,,0.0,-69.5,0.0,0.0,0.0,0.0,-70.0,0.0,0.0,-116.5,0.0,-25.0,-25.0,-21.25,0.0,,-11.25,0.0,0.0,0.0,0.0,-116.5,-212.0,91.0,-58.5,-162.5
2024-05-17,0.0,0.0,0.0,0.0,0.0,0.0,50.0,0.0,0.0,-11.25,,-120.0,-18.5,142.0,0.0,75.0,0.0,-26.5,0.0,0.0,2.5,0.0,-102.5,-102.5,0.0,0.0,,47.5,-82.5,0.0,0.0,0.0,2.5,-122.5,0.0,197.5,-162.5
2024-05-20,0.0,0.0,0.0,0.0,0.0,0.0,0.0,0.0,0.0,51.25,,43.0,40.5,102.0,0.0,0.0,0.0,115.5,0.0,0.0,0.0,0.0,15.0,15.0,0.0,0.0,0.0,0.0,0.0,0.0,0.0,0.0,-19.5,-57.5,0.0,-54.5,116.5
2024-05-21,,0.0,0.0,0.0,0.0,0.0,0.0,0.0,0.0,-52.5,,0.0,0.0,-105.0,0.0,-75.0,0.0,50.5,0.0,0.0,89.5,0.0,77.5,77.5,0.0,0.0,,0.0,47.5,0.0,0.0,0.0,44.0,57.5,0.0,175.0,47.0
2024-05-22,0.0,0.0,-53.0,-122.5,-62.5,0.0,0.0,-50.0,0.0,-52.5,,-120.0,-142.5,0.0,87.0,0.0,124.0,-57.5,126.5,0.0,-81.0,144.5,0.0,0.0,0.0,0.0,0.0,0.0,-82.5,-82.5,0.0,0.0,108.5,0.0,0.0,-54.5,-162.5
2024-05-23,0.0,415.5,22.5,0.0,57.5,0.0,0.0,0.0,-120.0,-52.5,,0.0,0.0,0.0,184.0,0.0,-122.5,0.0,-120.0,-120.0,-87.5,0.0,0.0,0.0,0.0,0.0,,0.0,47.5,47.5,0.0,0.0,0.0,0.0,146.5,197.5,-162.5
2024-05-24,0.0,0.0,140.0,0.0,0.0,0.0,0.0,0.0,-41.25,-52.5,,44.0,47.0,0.0,0.0,0.0,58.5,0.0,61.0,0.0,-88.0,-80.0,-25.0,-25.0,0.0,0.0,,0.0,0.0,0.0,0.0,0.0,-91.0,-122.5,76.0,-54.5,319.5
2024-05-28,0.0,-112.5,-60.5,0.0,-62.5,0.0,0.0,-50.0,0.0,-52.5,,0.0,0.0,5.0,0.0,-75.0,0.0,13.0,0.0,-60.0,-86.5,0.0,-25.0,-25.0,0.0,0.0,,0.0,0.0,0.0,0.0,0.0,-133.5,-122.5,253.0,-54.5,-34.5
2024-05-29,0.0,0.0,83.5,0.0,10.0,0.0,0.0,70.0,-80.0,22.5,,0.0,0.0,0.0,0.0,0.0,-122.5,0.0,-120.0,300.0,-98.0,120.0,0.0,0.0,0.0,0.0,,0.0,0.0,0.0,0.0,0.0,-110.5,0.0,-72.5,-72.5,0.0
2024-05-30,0.0,0.0,0.0,0.0,-62.5,0.0,0.0,0.0,0.0,0.0,445.0,0.0,96.0,-74.0,0.0,-36.0,246.5,-70.0,249.0,-180.0,107.5,0.0,77.5,77.5,0.0,0.0,,0.0,0.0,0.0,0.0,0.0,0.0,0.0,-122.5,-92.0,-162.5
2024-05-31,0.0,-72.5,0.0,0.0,57.5,0.0,0.0,0.0,0.0,111.25,,0.0,-31.0,0.0,155.0,0.0,-122.5,203.0,-120.0,-60.0,-246.5,447.5,155.0,155.0,0.0,0.0,,0.0,0.0,0.0,0.0,0.0,0.0,57.5,0.0,0.0,-162.5
2024-06-03,0.0,0.0,0.0,0.0,0.0,0.0,0.0,0.0,-10.0,0.0,,0.0,0.0,,0.0,75.0,-13.0,3.0,-11.0,0.0,70.0,-80.0,27.5,-205.0,0.0,0.0,,0.0,0.0,0.0,0.0,0.0,0.0,172.5,197.5,197.5,-162.5
2024-06-04,0.0,0.0,0.0,0.0,0.0,0.0,50.0,-50.0,0.0,0.0,,0.0,0.0,89.0,-79.0,0.0,141.0,-70.0,143.5,0.0,-135.5,-80.0,-127.5,0.0,0.0,0.0,,0.0,0.0,0.0,0.0,0.0,0.0,-320.5,64.5,-134.0,-162.5
2024-06-05,,0.0,0.0,0.0,0.0,0.0,0.0,0.0,0.0,0.0,,168.5,252.0,109.0,0.0,-75.0,0.0,-2.0,0.0,60.0,299.0,0.0,155.0,155.0,0.0,0.0,,0.0,0.0,0.0,0.0,0.0,0.0,172.5,-71.5,-54.5,716.5
2024-06-06,0.0,0.0,0.0,0.0,0.0,0.0,0.0,0.0,0.0,0.0,,0.0,-49.5,69.0,0.0,0.0,0.0,0.0,0.0,0.0,-1.0,0.0,-127.5,-127.5,0.0,0.0,,0.0,0.0,0.0,0.0,0.0,70.0,0.0,-8.0,-6.5,-162.5
2024-06-07,-102.5,0.0,24.0,0.0,0.0,0.0,0.0,-50.0,-47.5,0.0,,0.0,0.0,0.0,-8.0,0.0,-46.0,0.0,-43.5,0.0,-495.5,0.0,0.0,0.0,0.0,0.0,0.0,0.0,0.0,0.0,0.0,0.0,0.0,0.0,-11.0,197.5,-325.0
2024-06-10,0.0,0.0,0.0,0.0,0.0,0.0,0.0,0.0,0.0,0.0,,0.0,0.0,53.0,0.0,23.0,127.0,-70.0,129.5,0.0,-2.5,-1.5,0.0,0.0,0.0,0.0,,0.0,0.0,0.0,0.0,0.0,0.0,0.0,0.0,197.5,144.5
2024-06-11,0.0,0.0,-66.0,155.0,-62.5,0.0,0.0,0.0,128.75,0.0,,0.0,0.0,-18.0,0.0,0.0,292.5,-5.0,295.0,0.0,267.0,-80.0,0.0,0.0,0.0,0.0,,0.0,0.0,0.0,0.0,0.0,267.0,0.0,152.0,197.5,307.0
2024-06-12,147.5,-72.5,-63.5,0.0,-62.5,0.0,0.0,0.0,-120.0,0.0,,0.0,-142.5,0.0,0.0,0.0,-122.5,0.0,-120.0,60.0,-147.0,0.0,-25.0,-25.0,0.0,0.0,,0.0,0.0,0.0,0.0,0.0,-186.5,-7.5,-89.5,-54.5,689.0
2024-06-13,0.0,0.0,-43.0,0.0,57.5,0.0,0.0,0.0,48.75,107.5,,0.0,0.0,0.0,34.0,0.0,-122.5,0.0,-27.5,60.0,-208.5,0.0,0.0,0.0,47.5,47.5,,47.5,0.0,47.5,47.5,47.5,0.0,0.0,346.5,197.5,-162.5
2024-06-14,0.0,0.0,0.0,77.5,0.0,0.0,0.0,0.0,55.0,71.25,9.0,0.0,0.0,7.0,0.0,0.0,-122.5,-4.0,7.0,-60.0,82.0,0.0,0.0,0.0,47.5,47.5,0.0,47.5,0.0,0.0,0.0,0.0,-6.0,0.0,133.5,107.0,-58.5
2024-06-17,0.0,0.0,0.0,0.0,0.0,0.0,0.0,70.0,0.0,327.5,,489.5,546.5,0.0,-66.0,0.0,0.0,0.0,0.0,0.0,0.0,-80.0,0.0,0.0,0.0,47.5,,0.0,0.0,0.0,0.0,0.0,0.0,0.0,0.0,-54.5,416.5
2024-06-18,0.0,0.0,0.0,0.0,0.0,0.0,-61.25,0.0,0.0,-18.75,,0.0,-51.5,,0.0,0.0,0.0,-70.0,0.0,0.0,-30.5,129.0,90.0,90.0,47.5,47.5,,0.0,47.5,47.5,0.0,47.5,-30.5,19.5,0.0,-85.0,-140.5
2024-06-20,,0.0,0.0,0.0,0.0,0.0,0.0,0.0,0.0,112.5,,0.0,0.0,148.0,0.0,75.0,0.0,-70.0,0.0,0.0,-122.0,0.0,-127.5,-127.5,0.0,0.0,,-82.5,47.5,0.0,0.0,0.0,0.0,-122.5,197.5,197.5,-173.5
2024-06-21,0.0,0.0,0.0,30.0,0.0,0.0,0.0,0.0,0.0,27.5,28.0,0.0,-142.5,0.0,156.0,0.0,0.0,-13.5,0.0,0.0,-324.0,-80.0,52.5,52.5,0.0,0.0,,0.0,0.0,0.0,0.0,0.0,0.0,-122.5,-96.5,38.0,-162.5
2024-06-24,0.0,0.0,0.0,0.0,0.0,0.0,0.0,0.0,116.25,100.0,,0.0,99.0,-17.0,0.0,9.0,304.5,-70.0,307.0,0.0,265.5,-80.0,-102.5,-102.5,0.0,0.0,,0.0,0.0,0.0,0.0,0.0,265.5,0.0,-277.0,-186.5,-162.5
2024-06-25,0.0,0.0,-76.5,0.0,-62.5,0.0,50.0,0.0,36.25,0.0,,-120.0,163.0,0.0,0.0,0.0,157.5,0.0,160.0,0.0,156.0,-80.0,0.0,0.0,0.0,0.0,,0.0,0.0,0.0,0.0,0.0,82.0,0.0,0.0,-54.5,382.5
2024-06-26,0.0,0.0,0.0,0.0,0.0,0.0,0.0,0.0,-12.5,50.0,,0.0,0.0,0.0,0.0,0.0,-122.5,-70.0,-240.0,0.0,71.5,-80.0,0.0,0.0,0.0,0.0,,0.0,0.0,0.0,0.0,0.0,47.5,0.0,-40.0,-119.0,-162.5
2024-06-27,0.0,-72.5,0.0,0.0,0.0,0.0,0.0,0.0,0.0,0.0,,0.0,0.0,22.0,0.0,-7.0,0.0,-18.5,0.0,-60.0,-303.5,-80.0,-25.0,-25.0,0.0,0.0,,0.0,0.0,0.0,0.0,0.0,0.0,113.0,197.5,-66.5,196.5
2024-06-28,-16.0,0.0,0.0,0.0,0.0,0.0,0.0,0.0,0.0,0.0,,0.0,0.0,-79.0,0.0,0.0,0.0,-70.0,0.0,0.0,-54.0,0.0,-307.5,-307.5,0.0,0.0,,0.0,0.0,0.0,0.0,0.0,0.0,0.0,95.5,-54.5,-162.5
2024-07-01,68.0,0.0,0.0,0.0,0.0,0.0,0.0,0.0,67.5,0.0,,43.5,0.0,0.0,0.0,0.0,279.0,-9.5,281.0,-120.0,64.0,0.0,-102.5,0.0,0.0,0.0,,0.0,0.0,0.0,0.0,0.0,88.5,0.0,82.0,0.0,-176.5
2024-07-02,-39.0,0.0,0.0,0.0,0.0,176.25,0.0,70.0,0.0,0.0,,0.0,268.5,0.0,0.0,-75.0,0.0,432.5,0.0,60.0,308.0,391.0,207.5,207.5,0.0,0.0,,0.0,0.0,0.0,0.0,0.0,13.5,50.0,0.0,197.5,393.0
2024-07-03,134.5,,,,,,,,,,,,,-38.0,0.0,75.0,,,,,,,,,,,,,,,,,,,,,
2024-07-05,0.0,0.0,0.0,0.0,0.0,0.0,0.0,0.0,0.0,0.0,,107.5,154.5,256.0,0.0,75.0,0.0,-53.0,0.0,-60.0,228.5,-41.5,0.0,0.0,0.0,0.0,,0.0,0.0,0.0,0.0,0.0,228.5,0.0,-192.0,-54.5,529.0
2024-07-08,0.0,0.0,0.0,0.0,0.0,0.0,0.0,0.0,0.0,42.5,,-88.5,-37.0,0.0,18.0,0.0,-122.5,-34.0,-120.0,0.0,-98.0,0.0,-25.0,-25.0,2.5,47.5,,0.0,0.0,0.0,0.0,0.0,-80.5,29.0,-104.0,-99.5,124.0
2024-07-09,0.0,0.0,0.0,0.0,0.0,0.0,0.0,0.0,0.0,0.0,,0.0,0.0,-105.0,-79.0,0.0,0.0,0.0,0.0,0.0,50.5,156.5,0.0,0.0,3.75,47.5,,0.0,47.5,47.5,0.0,47.5,50.5,0.0,259.5,-59.5,-162.5
2024-07-10,0.0,0.0,140.0,0.0,57.5,0.0,0.0,0.0,0.0,-52.5,-30.0,0.0,146.0,-105.0,0.0,-75.0,-122.5,-54.5,-120.0,-60.0,-102.5,0.0,232.5,232.5,0.0,47.5,,0.0,0.0,0.0,0.0,0.0,193.5,172.5,0.0,-54.5,331.0
2024-07-11,0.0,-72.5,-43.0,0.0,-62.5,0.0,0.0,0.0,137.5,260.0,,0.0,438.5,75.0,0.0,75.0,0.0,0.0,0.0,-120.0,0.0,0.0,-102.5,-102.5,-122.5,-122.5,,-82.5,47.5,47.5,-82.5,47.5,330.0,-122.5,133.5,0.0,-162.5
2024-07-12,-102.5,0.0,-95.0,0.0,57.5,0.0,0.0,0.0,-120.0,-52.5,,0.0,175.5,0.0,0.0,0.0,0.0,0.0,0.0,60.0,-241.5,0.0,-205.0,-205.0,0.0,0.0,0.0,0.0,0.0,0.0,0.0,0.0,-128.5,-245.0,-282.0,-54.5,-76.0
2024-07-15,0.0,0.0,0.0,0.0,0.0,98.75,0.0,0.0,0.0,-52.5,,-120.0,0.0,95.0,0.0,75.0,0.0,13.5,0.0,-240.0,-137.5,0.0,-127.5,-127.5,47.5,0.0,,47.5,0.0,0.0,0.0,0.0,-250.0,-187.5,197.5,-54.5,132.5
2024-07-16,0.0,-72.5,72.5,0.0,-62.5,0.0,0.0,0.0,-85.0,-52.5,13.0,0.0,-142.5,177.0,0.0,75.0,-122.5,-66.5,-240.0,0.0,-156.5,-80.0,52.5,52.5,0.0,0.0,,0.0,0.0,0.0,0.0,0.0,-156.5,0.0,0.0,197.5,-325.0
2024-07-17,0.0,0.0,0.0,0.0,0.0,0.0,0.0,0.0,0.0,-52.5,,0.0,0.0,-105.0,117.0,0.0,0.0,-70.0,0.0,0.0,348.5,0.0,-25.0,-102.5,0.0,0.0,,0.0,0.0,0.0,0.0,0.0,323.0,57.5,-105.0,-54.5,0.0
2024-07-18,0.0,-72.5,0.0,0.0,0.0,0.0,0.0,0.0,0.0,0.0,153.0,0.0,0.0,-105.0,-35.0,0.0,0.0,0.0,0.0,300.0,0.0,0.0,-127.5,0.0,0.0,0.0,0.0,0.0,0.0,57.5,0.0,0.0,0.0,-65.0,11.0,197.5,-162.5
2024-07-19,0.0,0.0,290.0,0.0,57.5,0.0,0.0,70.0,-80.0,0.0,0.0,0.0,0.0,0.0,0.0,0.0,-122.5,-70.0,0.0,60.0,199.0,0.0,27.5,0.0,0.0,0.0,,0.0,0.0,57.5,0.0,0.0,0.0,-252.5,-207.5,-92.0,-162.5
2024-07-22,0.0,0.0,19.0,0.0,-62.5,-111.25,0.0,0.0,-120.0,0.0,,0.0,-142.5,0.0,0.0,0.0,-122.5,0.0,-95.0,0.0,15.5,0.0,-50.0,-50.0,0.0,0.0,,0.0,0.0,-72.5,0.0,0.0,-71.5,57.5,197.5,197.5,395.5
2024-07-23,0.0,0.0,0.0,0.0,0.0,0.0,0.0,70.0,0.0,0.0,-106.0,0.0,-142.5,22.0,0.0,0.0,0.0,0.0,0.0,0.0,-133.5,0.0,52.5,0.0,0.0,0.0,,0.0,0.0,0.0,0.0,0.0,0.0,57.5,-124.5,-108.5,-162.5
2024-07-24,0.0,441.0,0.0,0.0,0.0,0.0,0.0,0.0,-120.0,0.0,0.0,0.0,0.0,-105.0,48.0,75.0,-122.5,86.5,-120.0,-60.0,309.5,799.5,310.0,0.0,0.0,0.0,,0.0,0.0,0.0,0.0,0.0,309.5,230.0,-118.0,-54.5,0.0
2024-07-25,0.0,0.0,140.0,0.0,57.5,0.0,0.0,0.0,0.0,0.0,0.0,0.0,0.0,0.0,19.0,0.0,0.0,0.0,-120.0,180.0,-500.0,0.0,387.5,387.5,-122.5,47.5,0.0,57.5,57.5,57.5,-72.5,57.5,0.0,115.0,-386.5,-59.5,-325.0
2024-07-26,0.0,-72.5,-140.0,0.0,57.5,47.5,0.0,0.0,0.0,0.0,,0.0,0.0,23.0,0.0,75.0,0.0,15.5,0.0,240.0,-469.0,-46.0,27.5,27.5,-122.5,47.5,,-72.5,57.5,57.5,-72.5,57.5,0.0,-7.5,-136.0,197.5,259.0
2024-07-29,0.0,0.0,0.0,0.0,0.0,-282.5,0.0,0.0,0.0,0.0,0.0,0.0,0.0,0.0,-14.0,0.0,0.0,0.0,0.0,0.0,-478.5,0.0,232.5,0.0,0.0,0.0,0.0,0.0,-72.5,0.0,0.0,0.0,-250.0,172.5,197.5,197.5,-162.5
2024-07-30,0.0,-72.5,0.0,0.0,0.0,118.75,0.0,0.0,277.5,0.0,0.0,0.0,0.0,101.0,0.0,75.0,709.5,-70.0,712.0,0.0,-85.5,0.0,-50.0,-50.0,0.0,0.0,,0.0,57.5,0.0,0.0,0.0,0.0,-65.0,395.0,197.5,-162.5
2024-07-31,147.5,0.0,-116.5,0.0,57.5,-162.5,0.0,0.0,-120.0,0.0,190.0,0.0,-142.5,160.0,0.0,75.0,-122.5,0.0,-240.0,0.0,154.0,0.0,52.5,52.5,0.0,0.0,0.0,0.0,0.0,0.0,0.0,0.0,127.5,-7.5,100.5,-62.0,1179.5
2024-08-01,-102.5,0.0,290.0,0.0,-62.5,0.0,0.0,0.0,0.0,0.0,0.0,0.0,0.0,0.0,52.0,-75.0,-5.5,-140.0,-3.0,60.0,308.5,0.0,182.5,0.0,0.0,0.0,,0.0,0.0,0.0,0.0,0.0,0.0,-130.0,107.5,-67.5,-162.5
2024-08-02,147.5,0.0,-140.0,0.0,57.5,0.0,0.0,0.0,88.75,0.0,0.0,0.0,0.0,-105.0,460.0,0.0,117.0,-19.5,119.5,180.0,-238.5,-80.0,-25.0,0.0,0.0,0.0,,0.0,0.0,0.0,0.0,0.0,-250.0,-7.5,-142.5,-89.5,0.0
2024-08-05,0.0,0.0,7.5,0.0,57.5,0.0,0.0,0.0,-120.0,0.0,0.0,0.0,0.0,0.0,0.0,0.0,-122.5,209.0,-240.0,-60.0,286.5,362.5,52.5,0.0,47.5,47.5,,57.5,57.5,57.5,57.5,57.5,0.0,115.0,-302.5,-302.5,0.0
2024-08-06,0.0,0.0,0.0,0.0,57.5,0.0,0.0,0.0,196.25,0.0,0.0,0.0,222.0,0.0,-60.0,0.0,-122.5,0.0,0.0,60.0,333.0,0.0,232.5,232.5,47.5,0.0,0.0,57.5,57.5,-72.5,57.5,0.0,0.0,172.5,-222.5,-122.0,0.0
2024-08-07,0.0,-72.5,0.0,0.0,0.0,341.25,0.0,0.0,470.0,0.0,-16.0,0.0,0.0,0.0,0.0,0.0,0.0,0.0,0.0,0.0,234.0,0.0,-25.0,-25.0,0.0,0.0,,-72.5,-72.5,0.0,0.0,0.0,0.0,57.5,395.0,197.5,695.0
2024-08-08,0.0,0.0,140.0,0.0,57.5,130.0,0.0,0.0,-120.0,0.0,73.0,0.0,100.5,92.0,0.0,75.0,0.0,0.0,0.0,60.0,88.5,0.0,27.5,27.5,0.0,0.0,,57.5,57.5,0.0,0.0,0.0,0.0,-130.0,-42.0,-54.5,1108.5
2024-08-09,0.0,0.0,0.0,0.0,0.0,0.0,0.0,-50.0,0.0,0.0,0.0,0.0,0.0,0.0,0.0,-75.0,0.0,0.0,0.0,0.0,323.5,-80.0,-127.5,-127.5,0.0,0.0,,0.0,0.0,0.0,0.0,0.0,0.0,7.5,395.0,197.5,-325.0
2024-08-12,147.5,0.0,0.0,0.0,0.0,0.0,0.0,0.0,0.0,0.0,0.0,0.0,0.0,25.0,0.0,75.0,0.0,-13.5,0.0,0.0,-462.0,0.0,-149.0,0.0,0.0,0.0,0.0,0.0,0.0,0.0,0.0,0.0,-250.0,-266.5,197.5,-56.0,-162.5
2024-08-13,-102.5,475.0,140.0,0.0,57.5,153.75,0.0,0.0,0.0,0.0,0.0,218.0,274.0,0.0,0.0,-75.0,-122.5,-31.5,-120.0,-120.0,12.5,425.0,130.0,130.0,0.0,0.0,0.0,0.0,0.0,0.0,0.0,0.0,302.5,115.0,-153.0,-54.5,833.5
2024-08-14,147.5,-72.5,0.0,0.0,0.0,0.0,0.0,0.0,0.0,0.0,29.0,0.0,-142.5,0.0,78.0,0.0,0.0,0.0,0.0,0.0,-336.0,0.0,130.0,130.0,0.0,0.0,,0.0,0.0,0.0,0.0,0.0,0.0,-7.5,197.5,-94.0,-162.5
2024-08-15,0.0,0.0,140.0,0.0,57.5,188.75,0.0,0.0,0.0,0.0,0.0,144.5,180.5,0.0,0.0,0.0,-122.5,-8.5,-120.0,0.0,6.0,390.0,133.0,133.0,0.0,0.0,0.0,0.0,0.0,0.0,0.0,0.0,0.0,35.5,-117.0,-63.0,834.0
2024-08-16,0.0,0.0,0.0,0.0,0.0,0.0,0.0,0.0,0.0,0.0,72.0,0.0,0.0,50.0,0.0,-75.0,0.0,9.5,0.0,0.0,84.5,0.0,52.5,52.5,0.0,0.0,,0.0,0.0,0.0,0.0,0.0,0.0,172.5,197.5,197.5,-162.5
2024-08-19,-102.5,0.0,140.0,0.0,57.5,0.0,0.0,0.0,0.0,0.0,0.0,0.0,0.0,0.0,0.0,0.0,-122.5,87.0,-120.0,120.0,232.5,0.0,155.0,155.0,0.0,0.0,,0.0,0.0,0.0,0.0,0.0,314.5,230.0,-152.5,-91.0,91.0
2024-08-20,0.0,0.0,-85.5,0.0,57.5,0.0,0.0,0.0,-13.75,8.75,0.0,0.0,0.0,0.0,34.0,0.0,-122.5,-70.0,-120.0,-60.0,-66.0,3.0,155.0,0.0,0.0,0.0,,0.0,0.0,47.5,0.0,0.0,0.0,0.0,58.5,-73.5,-162.5
2024-08-21,0.0,0.0,140.0,0.0,57.5,0.0,0.0,0.0,-120.0,-41.25,-64.0,0.0,-142.5,0.0,0.0,0.0,0.0,-70.0,0.0,-60.0,-148.0,0.0,130.0,130.0,0.0,0.0,97.5,0.0,0.0,0.0,0.0,0.0,83.0,-72.5,-91.5,-68.5,188.0
2024-08-22,-102.5,0.0,0.0,0.0,0.0,-67.5,0.0,0.0,-5.0,-52.5,0.0,0.0,0.0,0.0,8.0,0.0,0.0,-70.0,0.0,0.0,319.0,0.0,-102.5,0.0,0.0,0.0,0.0,0.0,0.0,0.0,0.0,0.0,319.0,-122.5,197.5,197.5,-162.5
2024-08-23,0.0,-72.5,140.0,0.0,-62.5,205.0,0.0,0.0,-86.25,107.5,24.0,0.0,0.0,116.0,0.0,75.0,0.0,-70.0,0.0,0.0,-230.5,0.0,232.5,232.5,0.0,0.0,0.0,0.0,0.0,0.0,0.0,0.0,-250.0,115.0,-125.0,-54.5,254.5
2024-08-26,0.0,-72.5,0.0,0.0,0.0,0.0,0.0,0.0,42.5,136.25,0.0,0.0,31.0,0.0,0.0,0.0,-122.5,-70.0,-44.5,0.0,-34.0,-160.0,-205.0,-205.0,0.0,0.0,,0.0,0.0,0.0,0.0,0.0,-34.0,-174.0,55.5,-54.5,-162.5
2024-08-27,-102.5,0.0,0.0,0.0,0.0,0.0,0.0,0.0,30.0,16.25,0.0,0.0,0.0,0.0,0.0,0.0,-122.5,0.0,-120.0,0.0,-15.5,-38.0,-96.0,0.0,0.0,0.0,,0.0,0.0,0.0,0.0,0.0,0.0,0.0,197.5,197.5,-325.0
2024-08-28,0.0,0.0,0.0,-122.5,-62.5,0.0,0.0,-50.0,-16.25,-52.5,0.0,0.0,114.0,0.0,0.0,0.0,0.0,0.0,16.5,0.0,238.0,0.0,-75.0,0.0,0.0,0.0,0.0,0.0,0.0,0.0,0.0,0.0,313.5,-310.0,83.5,-54.5,-162.5
2024-08-29,0.0,0.0,-126.5,0.0,57.5,295.0,0.0,0.0,155.0,-52.5,-28.0,0.0,-142.5,59.0,0.0,0.0,0.0,73.5,-120.0,0.0,-188.0,0.0,-127.5,-127.5,0.0,0.0,0.0,0.0,0.0,0.0,0.0,0.0,-250.0,-122.5,197.5,197.5,309.0
2024-08-30,-102.5,0.0,0.0,0.0,0.0,0.0,0.0,0.0,0.0,123.75,89.0,0.0,0.0,0.0,87.0,0.0,0.0,-41.5,0.0,-60.0,-250.0,0.0,-102.5,0.0,0.0,0.0,0.0,0.0,0.0,0.0,0.0,0.0,-250.0,-122.5,197.5,197.5,-162.5
2024-09-03,0.0,560.0,290.0,0.0,57.5,0.0,0.0,-50.0,0.0,-52.5,-160.0,0.0,0.0,0.0,-110.0,0.0,0.0,33.5,0.0,180.0,310.0,898.0,207.5,0.0,0.0,0.0,0.0,0.0,0.0,0.0,0.0,0.0,0.0,172.5,-145.5,-98.5,-325.0
2024-09-04,0.0,0.0,0.0,0.0,0.0,-121.25,0.0,70.0,66.25,-52.5,-46.0,0.0,0.0,0.0,0.0,0.0,-122.5,-70.0,-120.0,-60.0,-277.0,-80.0,-25.0,-25.0,0.0,0.0,,0.0,0.0,57.5,0.0,0.0,-250.5,-122.5,197.5,197.5,-194.0
2024-09-05,0.0,0.0,0.0,0.0,0.0,0.0,0.0,0.0,0.0,0.0,0.0,0.0,0.0,0.0,-88.0,0.0,0.0,42.5,0.0,0.0,43.0,0.0,155.0,155.0,0.0,0.0,0.0,0.0,0.0,57.5,0.0,0.0,-127.5,172.5,168.5,-118.0,-325.0
2024-09-06,0.0,0.0,-140.5,0.0,-62.5,0.0,-70.0,0.0,202.5,0.0,0.0,0.0,240.0,0.0,-59.0,0.0,329.0,-140.0,227.5,0.0,-59.0,0.0,-152.5,0.0,0.0,0.0,0.0,0.0,0.0,0.0,0.0,0.0,0.0,107.5,-176.5,-86.0,0.0
